# This file uses centimeters as units for non-parametric coordinates.

mtllib trixie_cape.mtl
g default
v -0.000040 4.382687 -0.038657
v -0.000051 4.328174 -0.163624
v -0.000045 4.436783 -0.591814
v -0.000058 4.834298 -1.578165
v -0.000080 5.244512 -3.169554
v -0.000089 4.920702 -3.999895
v -0.000101 4.253214 -4.567964
v -0.000069 3.455295 -4.853511
v 0.000071 2.679652 -5.024850
v -0.000111 2.087982 -5.170218
v 0.000045 4.460848 0.354258
v -0.000044 4.492542 0.275611
v -0.000050 4.306860 0.147295
v -0.000068 5.147449 -2.296157
v -0.000058 4.429150 0.363745
v -0.000049 4.599165 -1.055755
v -0.000046 4.442418 0.136744
v -0.000071 4.457814 -0.066547
v -0.000035 4.290915 0.434263
v -0.000047 4.190848 -0.182223
v -0.000043 4.302875 -0.631481
v -0.000046 4.708286 -1.636050
v -0.000072 5.112987 -3.154612
v -0.000080 4.813324 -3.923023
v -0.000061 4.187345 -4.450188
v -0.000031 3.419015 -4.720758
v -0.000067 2.647102 -4.892765
v -0.000104 2.059738 -5.074394
v 0.000020 4.518662 0.461021
v -0.000046 4.617343 0.291591
v 0.000035 4.225676 0.355869
v -0.000044 4.170907 0.171420
v -0.000065 5.017197 -2.335241
v 0.000018 4.381616 0.485635
v -0.000046 4.469253 -1.106419
v 0.000052 4.566491 0.086969
v 0.949877 3.743489 0.817531
v 0.665673 4.196110 0.384897
v 0.591667 4.310799 0.516993
v 0.819737 4.023840 0.941770
v 0.556047 4.372452 0.607387
v 0.736996 4.164187 0.996503
v 0.363297 4.349511 0.084169
v 0.316610 4.419280 0.239257
v 0.299373 4.468433 0.360394
v 0.801371 3.055752 1.227594
v 0.193743 2.926117 1.580766
v 0.639772 3.374540 1.360199
v 0.841625 3.463194 0.979255
v 0.681583 3.880412 0.969378
v 0.738099 3.911729 0.684413
v 0.551929 4.214740 0.571691
v 0.537533 4.190088 0.441657
v 0.286530 4.351279 0.379821
v 0.269342 4.312240 0.318270
v 1.026777 3.326282 -0.459951
v 0.973937 3.263839 0.031350
v 0.894325 3.601257 -0.000531
v 0.946948 3.678494 -0.477479
v 0.710760 3.958834 -0.058252
v 0.760065 4.042296 -0.513675
v 0.482796 4.190141 -0.110284
v 0.522054 4.282566 -0.549941
v 0.246848 4.297813 -0.147220
v 0.268364 4.401317 -0.578680
v 1.093997 3.407858 -0.954608
v 1.002995 3.773651 -0.973470
v 0.800582 4.157972 -1.004814
v 0.550173 4.421600 -1.032373
v 0.285120 4.557841 -1.049823
v 1.119498 3.576262 -1.995917
v 1.101422 3.498937 -1.463796
v 1.013815 3.875078 -1.492800
v 1.047274 3.969629 -2.062661
v 0.820961 4.289065 -1.531663
v 0.889657 4.425156 -2.151327
v 0.580683 4.600763 -1.561991
v 0.667750 4.814251 -2.230447
v 0.309660 4.777894 -1.576069
v 0.370071 5.063466 -2.280759
v 1.185990 3.458574 -2.994461
v 1.155985 3.579764 -2.514838
v 1.094638 3.972322 -2.650213
v 1.135360 3.802823 -3.196499
v 0.961678 4.439048 -2.829278
v 1.014083 4.216988 -3.467337
v 0.746443 4.856299 -3.000740
v 0.795586 4.579525 -3.727957
v 0.422590 5.142910 -3.124989
v 0.451231 4.829961 -3.924807
v 1.200729 3.153298 -3.354669
v 1.171794 3.423405 -3.619433
v 1.063406 3.751762 -3.960462
v 0.831725 4.019645 -4.266632
v 0.464438 4.192913 -4.486358
v 1.194098 2.597641 -3.570158
v 1.189555 2.829912 -3.871193
v 1.103062 3.095018 -4.241273
v 0.860852 3.294076 -4.557026
v 0.474193 3.414393 -4.773676
v 1.139761 2.381761 -4.348899
v 1.206969 2.153909 -3.945628
v 0.895690 2.546470 -4.697045
v 0.492687 2.645081 -4.934972
v 0.922143 1.979555 -4.790667
v 1.164850 1.841075 -4.395934
v 0.509376 2.059948 -5.063129
v 0.290528 4.402198 0.422518
v 0.547257 4.278279 0.643301
v 0.665399 3.982533 1.055809
v 0.606977 3.567818 1.432982
v 0.212235 3.219177 1.653058
v 0.296156 4.440061 0.420910
v 0.553046 4.343802 0.648659
v 0.698434 4.125718 1.028913
v 0.245773 4.277225 0.170928
v 0.491942 4.169690 0.233031
v 0.725572 3.928375 0.339429
v 0.895715 3.540776 0.474673
v 0.964522 3.182850 0.580049
v 0.725716 3.841079 1.380408
v 0.658163 3.616033 1.639897
v 1.035075 3.782672 0.826131
v 0.924032 4.088921 0.954226
v 0.679092 4.405354 0.498351
v 0.734401 4.265704 0.374357
v 0.776993 4.268422 1.038427
v 0.586351 4.487002 0.635791
v 0.364828 4.536252 0.197152
v 0.394942 4.427645 0.056868
v 0.314109 4.590671 0.379651
v 0.712675 3.439123 0.935226
v 0.522890 3.388278 1.276636
v 0.152551 2.943989 1.504152
v 0.712657 3.044523 1.183398
v 0.615348 3.856128 0.673990
v 0.563589 3.855688 0.937450
v 0.441742 4.099364 0.477340
v 0.445933 4.146355 0.610656
v 0.220487 4.199916 0.382967
v 0.230520 4.262703 0.469039
v 0.820750 3.628328 -0.502159
v 0.766172 3.551804 -0.013616
v 0.872971 3.237443 0.022976
v 0.927184 3.299870 -0.477828
v 0.651992 3.959789 -0.542920
v 0.599483 3.876980 -0.073121
v 0.447724 4.170227 -0.584134
v 0.406339 4.076416 -0.126685
v 0.233786 4.271809 -0.616853
v 0.212030 4.165233 -0.165102
v 0.875781 3.723033 -0.991903
v 0.994217 3.380536 -0.966763
v 0.690044 4.077359 -1.031072
v 0.471220 4.313541 -1.070076
v 0.246594 4.432702 -1.097144
v 0.915480 3.929502 -2.077132
v 0.884539 3.827935 -1.506962
v 1.001231 3.472844 -1.470097
v 1.019332 3.552779 -2.004062
v 0.766098 4.364193 -2.174045
v 0.704827 4.216472 -1.558252
v 0.567228 4.724957 -2.261668
v 0.492297 4.502359 -1.604104
v 0.314154 4.944623 -2.317935
v 0.263624 4.658817 -1.630004
v 0.999718 3.774903 -3.191801
v 0.960380 3.938433 -2.656256
v 1.055735 3.558523 -2.519533
v 1.085621 3.441333 -2.992458
v 0.882741 4.173117 -3.450832
v 0.832106 4.387208 -2.833464
v 0.684675 4.510077 -3.687794
v 0.636512 4.774394 -2.998351
v 0.385413 4.734029 -3.858984
v 0.357760 5.026318 -3.113847
v 1.035134 3.405763 -3.606538
v 1.100222 3.145191 -3.347392
v 0.932890 3.719489 -3.925491
v 0.727035 3.970363 -4.193404
v 0.405767 4.131397 -4.380813
v 1.052213 2.822070 -3.857541
v 1.093628 2.595323 -3.564639
v 0.973810 3.076264 -4.195354
v 0.763725 3.264944 -4.464315
v 0.422305 3.380237 -4.650855
v 1.011684 2.367185 -4.305350
v 0.800502 2.523270 -4.603536
v 0.441713 2.615248 -4.812369
v 0.849853 1.960407 -4.724879
v 1.069793 1.828864 -4.367514
v 0.469834 2.034348 -4.974900
v 0.233006 4.354761 0.529454
v 0.439263 4.246957 0.700505
v 0.546144 3.992742 1.053825
v 0.493865 3.618673 1.390900
v 0.167214 3.269083 1.616366
v 0.257102 4.493783 0.522345
v 0.479040 4.396808 0.724396
v 0.616838 4.194921 1.072345
v 0.206102 4.147616 0.192222
v 0.408183 4.061731 0.249978
v 0.606124 3.855261 0.344775
v 0.764489 3.499805 0.466547
v 0.863425 3.160320 0.569826
v 0.600424 3.683312 1.670246
v 0.644822 3.921178 1.422754
v 1.200276 1.948943 -3.626867
v 1.214987 1.560417 -3.676383
v 1.227966 1.650578 -3.956820
v 1.100260 1.944406 -3.625778
v 1.070869 2.145109 -3.937762
v 1.127644 1.641078 -3.955132
v 1.129637 1.553635 -3.679073
v 0.860703 3.972797 1.422872
v 0.969055 3.631149 1.332280
v 0.821295 3.882208 1.357621
v 0.827664 3.660394 1.618883
v 1.061698 3.272029 1.660805
v 1.198078 3.157982 1.262731
v 1.067322 3.680660 1.371928
v 1.128865 3.322453 1.699367
v 0.859705 3.727697 1.676189
v 1.281209 3.186540 1.285046
v 1.341914 2.642983 1.697007
v 1.408237 2.672109 1.725444
v -0.949877 3.743489 0.817531
v -0.819737 4.023840 0.941770
v -0.591667 4.310799 0.516993
v -0.665673 4.196110 0.384897
v -0.736997 4.164187 0.996503
v -0.556047 4.372452 0.607387
v -0.316610 4.419280 0.239257
v -0.363297 4.349511 0.084169
v -0.299373 4.468433 0.360394
v -0.801371 3.055752 1.227594
v -0.841625 3.463194 0.979256
v -0.639772 3.374540 1.360199
v -0.193743 2.926116 1.580767
v -0.738087 3.911752 0.684412
v -0.681585 3.880407 0.969380
v -0.537514 4.190108 0.441656
v -0.551931 4.214737 0.571697
v -0.269343 4.312241 0.318272
v -0.286531 4.351279 0.379822
v -1.026777 3.326282 -0.459951
v -0.946948 3.678494 -0.477479
v -0.894325 3.601257 -0.000531
v -0.973937 3.263839 0.031350
v -0.760065 4.042296 -0.513675
v -0.710760 3.958834 -0.058252
v -0.522054 4.282566 -0.549941
v -0.482796 4.190141 -0.110284
v -0.268365 4.401317 -0.578680
v -0.246848 4.297813 -0.147220
v -1.093997 3.407858 -0.954608
v -1.002995 3.773651 -0.973470
v -0.800582 4.157972 -1.004814
v -0.550173 4.421600 -1.032372
v -0.285120 4.557841 -1.049823
v -1.119498 3.576262 -1.995917
v -1.047274 3.969629 -2.062661
v -1.013815 3.875078 -1.492800
v -1.101422 3.498937 -1.463796
v -0.889657 4.425156 -2.151327
v -0.820961 4.289065 -1.531663
v -0.667750 4.814251 -2.230447
v -0.580683 4.600763 -1.561991
v -0.370072 5.063466 -2.280759
v -0.309660 4.777894 -1.576069
v -1.185990 3.458575 -2.994461
v -1.135360 3.802823 -3.196499
v -1.094638 3.972322 -2.650213
v -1.155985 3.579764 -2.514838
v -1.014083 4.216988 -3.467337
v -0.961678 4.439048 -2.829278
v -0.795586 4.579525 -3.727957
v -0.746443 4.856299 -3.000740
v -0.451231 4.829960 -3.924806
v -0.422591 5.142910 -3.124989
v -1.200729 3.153298 -3.354669
v -1.171794 3.423405 -3.619433
v -1.063406 3.751762 -3.960462
v -0.831725 4.019645 -4.266632
v -0.464438 4.192913 -4.486358
v -1.194098 2.597641 -3.570158
v -1.189555 2.829912 -3.871194
v -1.103062 3.095018 -4.241273
v -0.860852 3.294077 -4.557026
v -0.474193 3.414393 -4.773676
v -1.206969 2.153909 -3.945628
v -1.139761 2.381761 -4.348899
v -0.895690 2.546470 -4.697045
v -0.492687 2.645081 -4.934972
v -0.922143 1.979555 -4.790667
v -1.164850 1.841075 -4.395934
v -0.509377 2.059948 -5.063129
v -0.290528 4.402198 0.422518
v -0.547257 4.278281 0.643300
v -0.665399 3.982537 1.055808
v -0.606977 3.567818 1.432982
v -0.212235 3.219177 1.653058
v -0.296156 4.440061 0.420910
v -0.553046 4.343802 0.648659
v -0.698434 4.125718 1.028913
v -0.245774 4.277225 0.170928
v -0.491938 4.169693 0.233031
v -0.725566 3.928385 0.339429
v -0.895715 3.540776 0.474673
v -0.964522 3.182850 0.580049
v -0.725716 3.841079 1.380408
v -0.658163 3.616033 1.639897
v -1.035075 3.782672 0.826131
v -0.734401 4.265704 0.374357
v -0.679092 4.405354 0.498351
v -0.924032 4.088921 0.954226
v -0.586351 4.487002 0.635791
v -0.776993 4.268422 1.038427
v -0.394942 4.427644 0.056868
v -0.364828 4.536252 0.197152
v -0.314109 4.590671 0.379651
v -0.712675 3.439123 0.935226
v -0.712657 3.044523 1.183398
v -0.152551 2.943989 1.504152
v -0.522890 3.388278 1.276636
v -0.563589 3.855688 0.937450
v -0.615348 3.856128 0.673990
v -0.445933 4.146355 0.610656
v -0.441742 4.099364 0.477340
v -0.230520 4.262703 0.469039
v -0.220487 4.199916 0.382967
v -0.820750 3.628328 -0.502159
v -0.927184 3.299870 -0.477828
v -0.872971 3.237443 0.022976
v -0.766172 3.551804 -0.013616
v -0.599483 3.876980 -0.073121
v -0.651992 3.959789 -0.542920
v -0.406339 4.076416 -0.126685
v -0.447724 4.170227 -0.584134
v -0.212030 4.165233 -0.165102
v -0.233786 4.271809 -0.616853
v -0.875781 3.723033 -0.991903
v -0.994217 3.380536 -0.966763
v -0.690044 4.077359 -1.031072
v -0.471220 4.313541 -1.070076
v -0.246594 4.432702 -1.097144
v -0.915480 3.929502 -2.077132
v -1.019332 3.552779 -2.004062
v -1.001231 3.472844 -1.470097
v -0.884539 3.827935 -1.506962
v -0.704827 4.216472 -1.558252
v -0.766098 4.364193 -2.174045
v -0.492297 4.502359 -1.604104
v -0.567228 4.724957 -2.261668
v -0.263624 4.658817 -1.630004
v -0.314154 4.944623 -2.317935
v -0.999718 3.774903 -3.191801
v -1.085621 3.441333 -2.992458
v -1.055735 3.558523 -2.519533
v -0.960380 3.938433 -2.656256
v -0.832106 4.387208 -2.833464
v -0.882741 4.173117 -3.450832
v -0.636512 4.774394 -2.998351
v -0.684675 4.510077 -3.687794
v -0.357760 5.026318 -3.113847
v -0.385413 4.734029 -3.858984
v -1.035134 3.405763 -3.606538
v -1.100222 3.145191 -3.347393
v -0.932890 3.719489 -3.925491
v -0.727035 3.970363 -4.193404
v -0.405767 4.131397 -4.380813
v -1.052213 2.822070 -3.857541
v -1.093628 2.595323 -3.564638
v -0.973810 3.076264 -4.195354
v -0.763725 3.264944 -4.464315
v -0.422305 3.380237 -4.650855
v -0.800502 2.523270 -4.603536
v -1.011684 2.367185 -4.305350
v -0.441712 2.615248 -4.812369
v -0.849853 1.960407 -4.724879
v -1.069793 1.828864 -4.367514
v -0.469834 2.034348 -4.974900
v -0.233006 4.354761 0.529454
v -0.439263 4.246957 0.700505
v -0.546144 3.992742 1.053825
v -0.493865 3.618673 1.390900
v -0.167214 3.269083 1.616366
v -0.257102 4.493783 0.522345
v -0.479039 4.396808 0.724396
v -0.616838 4.194921 1.072345
v -0.206101 4.147616 0.192222
v -0.408183 4.061731 0.249978
v -0.606124 3.855261 0.344775
v -0.764489 3.499805 0.466547
v -0.863425 3.160320 0.569826
v -0.600424 3.683312 1.670246
v -0.644822 3.921178 1.422754
v -1.200276 1.948943 -3.626867
v -1.214987 1.560417 -3.676383
v -1.227966 1.650578 -3.956820
v -1.100260 1.944406 -3.625778
v -1.070869 2.145109 -3.937762
v -1.127644 1.641078 -3.955132
v -1.129637 1.553636 -3.679073
v -0.860703 3.972797 1.422872
v -0.969055 3.631149 1.332280
v -1.061698 3.272029 1.660805
v -0.827664 3.660394 1.618883
v -0.821295 3.882208 1.357621
v -1.198078 3.157982 1.262731
v -1.067322 3.680660 1.371928
v -0.859705 3.727697 1.676189
v -1.128865 3.322453 1.699367
v -1.281209 3.186540 1.285046
v -1.341914 2.642983 1.697007
v -1.408237 2.672109 1.725444
v -0.000060 4.383955 0.330740
v 0.000024 4.342897 0.278945
vt 0.184860 0.866950
vt 0.181370 0.850220
vt 0.211080 0.837500
vt 0.212250 0.861810
vt 0.178510 0.827460
vt 0.210040 0.811650
vt 0.237510 0.833560
vt 0.238250 0.858090
vt 0.235190 0.807910
vt 0.254330 0.836600
vt 0.254330 0.864830
vt 0.254330 0.809080
vt 0.085810 0.786440
vt 0.123470 0.772360
vt 0.116470 0.807790
vt 0.074140 0.825870
vt 0.165900 0.753270
vt 0.162160 0.781530
vt 0.095300 0.650390
vt 0.127980 0.642360
vt 0.132150 0.687350
vt 0.101050 0.694290
vt 0.165480 0.635830
vt 0.169600 0.679520
vt 0.197870 0.631740
vt 0.201710 0.675410
vt 0.226020 0.629340
vt 0.228080 0.672430
vt 0.254330 0.628580
vt 0.254330 0.670970
vt 0.087950 0.603050
vt 0.121760 0.594370
vt 0.161400 0.588470
vt 0.195670 0.585700
vt 0.224930 0.585050
vt 0.254330 0.585200
vt 0.076530 0.489370
vt 0.112730 0.482000
vt 0.116860 0.542230
vt 0.082120 0.550310
vt 0.155090 0.477400
vt 0.158430 0.537830
vt 0.192990 0.474330
vt 0.194570 0.536280
vt 0.224000 0.472920
vt 0.224500 0.536680
vt 0.254330 0.473020
vt 0.254330 0.537470
vt 0.071850 0.357570
vt 0.108160 0.354350
vt 0.110380 0.418170
vt 0.072810 0.424420
vt 0.151330 0.348470
vt 0.153820 0.412730
vt 0.189920 0.342340
vt 0.192860 0.408070
vt 0.222970 0.337660
vt 0.224610 0.404930
vt 0.254330 0.335900
vt 0.254330 0.404060
vt 0.068120 0.294370
vt 0.102510 0.292250
vt 0.144770 0.285090
vt 0.182640 0.277330
vt 0.218230 0.271090
vt 0.254330 0.268590
vt 0.054690 0.226190
vt 0.089650 0.226800
vt 0.131100 0.220500
vt 0.170210 0.211960
vt 0.211030 0.204150
vt 0.254330 0.200920
vt 0.066240 0.164630
vt 0.109980 0.157560
vt 0.153800 0.147080
vt 0.202100 0.137470
vt 0.254330 0.133650
vt 0.136790 0.096840
vt 0.087550 0.112150
vt 0.192840 0.083340
vt 0.254330 0.077860
vt 0.126230 0.826860
vt 0.166090 0.802710
vt 0.090280 0.842290
vt 0.231370 0.789180
vt 0.254330 0.785290
vt 0.204800 0.799730
vt 0.173660 0.818770
vt 0.169790 0.719830
vt 0.202900 0.716360
vt 0.199750 0.744590
vt 0.130960 0.730390
vt 0.100200 0.738930
vt 0.141330 0.841600
vt 0.110760 0.851860
vt 0.815460 0.866950
vt 0.788100 0.861810
vt 0.789280 0.837500
vt 0.818980 0.850220
vt 0.790330 0.811650
vt 0.821800 0.827460
vt 0.762090 0.858090
vt 0.762860 0.833560
vt 0.765150 0.807910
vt 0.746060 0.864830
vt 0.746060 0.836600
vt 0.746060 0.809080
vt 0.876810 0.772360
vt 0.914450 0.786440
vt 0.926130 0.825870
vt 0.883800 0.807790
vt 0.838180 0.781530
vt 0.834420 0.753270
vt 0.801780 0.765610
vt 0.800610 0.744590
vt 0.772070 0.756390
vt 0.771900 0.738820
vt 0.746060 0.750020
vt 0.746060 0.732070
vt 0.872290 0.642360
vt 0.904990 0.650390
vt 0.899240 0.694290
vt 0.868120 0.687350
vt 0.830730 0.679520
vt 0.834840 0.635830
vt 0.798610 0.675410
vt 0.802490 0.631740
vt 0.772250 0.672430
vt 0.774360 0.629340
vt 0.746060 0.670970
vt 0.746060 0.628580
vt 0.878520 0.594370
vt 0.912330 0.603050
vt 0.838950 0.588470
vt 0.804660 0.585700
vt 0.775420 0.585050
vt 0.746060 0.585200
vt 0.887560 0.482000
vt 0.923720 0.489370
vt 0.918150 0.550310
vt 0.883450 0.542230
vt 0.841880 0.537830
vt 0.845230 0.477400
vt 0.805770 0.536280
vt 0.807360 0.474330
vt 0.775830 0.536680
vt 0.776360 0.472920
vt 0.746060 0.537470
vt 0.746060 0.473020
vt 0.892140 0.354350
vt 0.928420 0.357570
vt 0.927480 0.424420
vt 0.889910 0.418170
vt 0.846520 0.412730
vt 0.848990 0.348470
vt 0.807480 0.408070
vt 0.810410 0.342340
vt 0.775710 0.404930
vt 0.777360 0.337660
vt 0.746060 0.404060
vt 0.746060 0.335900
vt 0.897770 0.292250
vt 0.932180 0.294370
vt 0.855560 0.285090
vt 0.817690 0.277330
vt 0.782110 0.271090
vt 0.746060 0.268590
vt 0.910630 0.226800
vt 0.945560 0.226190
vt 0.869180 0.220500
vt 0.830140 0.211960
vt 0.789330 0.204150
vt 0.746060 0.200920
vt 0.846520 0.147080
vt 0.890320 0.157560
vt 0.798260 0.137470
vt 0.746060 0.133650
vt 0.863550 0.096840
vt 0.912740 0.112150
vt 0.807480 0.083340
vt 0.746060 0.077860
vt 0.770670 0.774000
vt 0.746060 0.768670
vt 0.799320 0.784660
vt 0.834250 0.802710
vt 0.874050 0.826860
vt 0.909990 0.842290
vt 0.746060 0.785290
vt 0.768960 0.789180
vt 0.795560 0.799730
vt 0.826670 0.818770
vt 0.746060 0.707930
vt 0.771130 0.712520
vt 0.797440 0.716360
vt 0.830550 0.719830
vt 0.869360 0.730390
vt 0.900060 0.738930
vt 0.889550 0.851860
vt 0.858970 0.841600
vt 0.184860 0.866950
vt 0.212250 0.861810
vt 0.212250 0.861810
vt 0.238250 0.858090
vt 0.238250 0.858090
vt 0.254330 0.864830
vt 0.085810 0.786440
vt 0.074140 0.825870
vt 0.095300 0.650390
vt 0.101050 0.694290
vt 0.087950 0.603050
vt 0.095300 0.650390
vt 0.076530 0.489370
vt 0.082120 0.550310
vt 0.071850 0.357570
vt 0.072810 0.424420
vt 0.068120 0.294370
vt 0.071850 0.357570
vt 0.054690 0.226190
vt 0.068120 0.294370
vt 0.136790 0.096840
vt 0.087550 0.112150
vt 0.192840 0.083340
vt 0.136790 0.096840
vt 0.254330 0.077860
vt 0.192840 0.083340
vt 0.074140 0.825870
vt 0.090280 0.842290
vt 0.100200 0.738930
vt 0.085810 0.786440
vt 0.101050 0.694290
vt 0.100200 0.738930
vt 0.072810 0.424420
vt 0.076530 0.489370
vt 0.090280 0.842290
vt 0.110760 0.851860
vt 0.082120 0.550310
vt 0.087950 0.603050
vt 0.030350 0.164680
vt 0.015140 0.131010
vt 0.041450 0.123400
vt 0.969930 0.164680
vt 0.934060 0.164630
vt 0.958830 0.123400
vt 0.054690 0.226190
vt 0.030350 0.164680
vt 0.030350 0.164680
vt 0.015140 0.131010
vt 0.087550 0.112150
vt 0.041450 0.123400
vt 0.015140 0.131010
vt 0.041450 0.123400
vt 0.985140 0.131010
vt 0.852160 0.853590
vt 0.151110 0.874310
vt 0.127360 0.896260
vt 0.120970 0.872230
vt 0.148180 0.853590
vt 0.158340 0.897540
vt 0.849220 0.874310
vt 0.879340 0.872230
vt 0.872940 0.896260
vt 0.842000 0.897540
vt 0.127360 0.896260
vt 0.120970 0.872230
vt 0.184860 0.866950
vt 0.158340 0.897540
vt 0.120970 0.872230
vt 0.110760 0.851860
vt 0.136200 0.912420
vt 0.158340 0.897540
vt 0.136200 0.912420
vt 0.864130 0.912420
vt 0.136200 0.912420
vt 0.127360 0.896260
vt 0.323800 0.866950
vt 0.296410 0.861810
vt 0.297580 0.837500
vt 0.327280 0.850220
vt 0.298620 0.811650
vt 0.330150 0.827460
vt 0.270410 0.858090
vt 0.271150 0.833560
vt 0.273460 0.807910
vt 0.422850 0.786440
vt 0.434510 0.825870
vt 0.392190 0.807790
vt 0.385180 0.772360
vt 0.346500 0.781530
vt 0.342760 0.753270
vt 0.413350 0.650390
vt 0.407610 0.694290
vt 0.376500 0.687350
vt 0.380670 0.642360
vt 0.339060 0.679520
vt 0.343180 0.635830
vt 0.306950 0.675410
vt 0.310780 0.631740
vt 0.280570 0.672430
vt 0.282640 0.629340
vt 0.420710 0.603050
vt 0.386900 0.594370
vt 0.347260 0.588470
vt 0.312980 0.585700
vt 0.283730 0.585050
vt 0.432130 0.489370
vt 0.426530 0.550310
vt 0.391800 0.542230
vt 0.395930 0.482000
vt 0.350220 0.537830
vt 0.353570 0.477400
vt 0.314090 0.536280
vt 0.315660 0.474330
vt 0.284150 0.536680
vt 0.284660 0.472920
vt 0.436800 0.357570
vt 0.435850 0.424420
vt 0.398280 0.418170
vt 0.400500 0.354350
vt 0.354840 0.412730
vt 0.357330 0.348470
vt 0.315790 0.408070
vt 0.318730 0.342340
vt 0.284040 0.404930
vt 0.285690 0.337660
vt 0.440540 0.294370
vt 0.406150 0.292250
vt 0.363880 0.285090
vt 0.326020 0.277330
vt 0.290420 0.271090
vt 0.453970 0.226190
vt 0.419010 0.226800
vt 0.377550 0.220500
vt 0.338440 0.211960
vt 0.297630 0.204150
vt 0.398680 0.157560
vt 0.442430 0.164630
vt 0.354850 0.147080
vt 0.306560 0.137470
vt 0.371870 0.096840
vt 0.421110 0.112150
vt 0.315820 0.083340
vt 0.342570 0.802710
vt 0.307660 0.784660
vt 0.310080 0.765610
vt 0.382440 0.826860
vt 0.418370 0.842290
vt 0.277290 0.789180
vt 0.303860 0.799730
vt 0.335000 0.818770
vt 0.338870 0.719830
vt 0.377690 0.730390
vt 0.408460 0.738930
vt 0.367320 0.841600
vt 0.397890 0.851860
vt 0.676610 0.866950
vt 0.673150 0.850220
vt 0.702800 0.837500
vt 0.703970 0.861810
vt 0.670270 0.827460
vt 0.701800 0.811650
vt 0.729210 0.833560
vt 0.729980 0.858090
vt 0.726930 0.807910
vt 0.615260 0.772360
vt 0.608270 0.807790
vt 0.565940 0.825870
vt 0.577620 0.786440
vt 0.657650 0.753270
vt 0.653950 0.781530
vt 0.691460 0.744590
vt 0.690350 0.765610
vt 0.720170 0.738820
vt 0.720000 0.756390
vt 0.619780 0.642360
vt 0.623950 0.687350
vt 0.592830 0.694290
vt 0.587080 0.650390
vt 0.657240 0.635830
vt 0.661350 0.679520
vt 0.689640 0.631740
vt 0.693460 0.675410
vt 0.717770 0.629340
vt 0.719820 0.672430
vt 0.613550 0.594370
vt 0.579740 0.603050
vt 0.653180 0.588470
vt 0.687410 0.585700
vt 0.716650 0.585050
vt 0.604510 0.482000
vt 0.608620 0.542230
vt 0.573930 0.550310
vt 0.568350 0.489370
vt 0.646840 0.477400
vt 0.650190 0.537830
vt 0.684710 0.474330
vt 0.686300 0.536280
vt 0.715710 0.472920
vt 0.716240 0.536680
vt 0.599930 0.354350
vt 0.602160 0.418170
vt 0.564650 0.424420
vt 0.563650 0.357570
vt 0.643090 0.348470
vt 0.645610 0.412730
vt 0.681660 0.342340
vt 0.684600 0.408070
vt 0.714710 0.337660
vt 0.716360 0.404930
vt 0.594300 0.292250
vt 0.559950 0.294370
vt 0.636570 0.285090
vt 0.674380 0.277330
vt 0.709960 0.271090
vt 0.581440 0.226800
vt 0.546510 0.226190
vt 0.622890 0.220500
vt 0.661990 0.211960
vt 0.702800 0.204150
vt 0.601750 0.157560
vt 0.645550 0.147080
vt 0.693810 0.137470
vt 0.628580 0.096840
vt 0.579330 0.112150
vt 0.684600 0.083340
vt 0.721410 0.774000
vt 0.692760 0.784660
vt 0.657820 0.802710
vt 0.618020 0.826860
vt 0.582090 0.842290
vt 0.723110 0.789180
vt 0.696510 0.799730
vt 0.665400 0.818770
vt 0.720940 0.712520
vt 0.694630 0.716360
vt 0.661520 0.719830
vt 0.622770 0.730390
vt 0.592010 0.738930
vt 0.602580 0.851860
vt 0.633110 0.841600
vt 0.323800 0.866950
vt 0.296410 0.861810
vt 0.296410 0.861810
vt 0.270410 0.858090
vt 0.270410 0.858090
vt 0.254330 0.864830
vt 0.422850 0.786440
vt 0.434510 0.825870
vt 0.413350 0.650390
vt 0.407610 0.694290
vt 0.420710 0.603050
vt 0.413350 0.650390
vt 0.432130 0.489370
vt 0.426530 0.550310
vt 0.436800 0.357570
vt 0.435850 0.424420
vt 0.440540 0.294370
vt 0.436800 0.357570
vt 0.453970 0.226190
vt 0.440540 0.294370
vt 0.371870 0.096840
vt 0.421110 0.112150
vt 0.315820 0.083340
vt 0.371870 0.096840
vt 0.254330 0.077860
vt 0.315820 0.083340
vt 0.434510 0.825870
vt 0.418370 0.842290
vt 0.408460 0.738930
vt 0.422850 0.786440
vt 0.407610 0.694290
vt 0.408460 0.738930
vt 0.435850 0.424420
vt 0.432130 0.489370
vt 0.418370 0.842290
vt 0.397890 0.851860
vt 0.426530 0.550310
vt 0.420710 0.603050
vt 0.478310 0.164680
vt 0.493520 0.131010
vt 0.467220 0.123400
vt 0.522200 0.164680
vt 0.558070 0.164630
vt 0.533300 0.123400
vt 0.478310 0.164680
vt 0.453970 0.226190
vt 0.493520 0.131010
vt 0.478310 0.164680
vt 0.421110 0.112150
vt 0.467220 0.123400
vt 0.493520 0.131010
vt 0.467220 0.123400
vt 0.506990 0.131010
vt 0.639970 0.853590
vt 0.357540 0.874310
vt 0.360470 0.853590
vt 0.387690 0.872230
vt 0.381290 0.896260
vt 0.350320 0.897540
vt 0.642850 0.874310
vt 0.619130 0.896260
vt 0.612730 0.872230
vt 0.650130 0.897540
vt 0.381290 0.896260
vt 0.387690 0.872230
vt 0.350320 0.897540
vt 0.323800 0.866950
vt 0.397890 0.851860
vt 0.387690 0.872230
vt 0.372460 0.912420
vt 0.372460 0.912420
vt 0.350320 0.897540
vt 0.628000 0.912420
vt 0.381290 0.896260
vt 0.372460 0.912420
vt 0.198580 0.765610
vt 0.201000 0.784660
vt 0.229670 0.774000
vt 0.254330 0.768670
vt 0.278990 0.774000
vt 0.308910 0.744590
vt 0.305750 0.716360
vt 0.228270 0.756390
vt 0.228450 0.738820
vt 0.254330 0.750020
vt 0.229220 0.712520
vt 0.254330 0.707930
vt 0.280390 0.756390
vt 0.280200 0.738820
vt 0.279440 0.712520
vt 0.254330 0.732070
vn -0.862026 -0.499881 0.083847
vn -0.862026 -0.499881 0.083847
vn -0.862026 -0.499881 0.083847
vn -0.862026 -0.499881 0.083847
vn -0.832028 -0.548254 0.084540
vn -0.832028 -0.548254 0.084540
vn -0.832028 -0.548254 0.084540
vn -0.832028 -0.548254 0.084540
vn -0.592598 -0.767649 0.244013
vn -0.592598 -0.767649 0.244013
vn -0.592598 -0.767649 0.244013
vn -0.592598 -0.767649 0.244013
vn -0.564560 -0.780710 0.267888
vn -0.564560 -0.780710 0.267888
vn -0.564560 -0.780710 0.267888
vn -0.564560 -0.780710 0.267888
vn -0.187567 -0.923261 0.335274
vn -0.187567 -0.923261 0.335274
vn -0.187567 -0.923261 0.335274
vn -0.187567 -0.923261 0.335274
vn -0.174541 -0.923676 0.341114
vn -0.174541 -0.923676 0.341114
vn -0.174541 -0.923676 0.341114
vn -0.174541 -0.923676 0.341114
vn 0.667256 0.028649 0.744277
vn 0.667256 0.028649 0.744277
vn 0.667256 0.028649 0.744277
vn 0.667256 0.028649 0.744277
vn 0.855502 0.337463 0.392728
vn 0.855502 0.337463 0.392728
vn 0.855502 0.337463 0.392728
vn 0.855502 0.337463 0.392728
vn 0.962701 0.232490 0.138399
vn 0.962701 0.232490 0.138399
vn 0.962701 0.232490 0.138399
vn 0.962701 0.232490 0.138399
vn 0.866322 0.467706 0.175319
vn 0.866322 0.467706 0.175319
vn 0.866322 0.467706 0.175319
vn 0.866322 0.467706 0.175319
vn 0.676535 0.707047 0.205877
vn 0.676535 0.707047 0.205877
vn 0.676535 0.707047 0.205877
vn 0.676535 0.707047 0.205877
vn 0.383300 0.895028 0.228049
vn 0.383300 0.895028 0.228049
vn 0.383300 0.895028 0.228049
vn 0.383300 0.895028 0.228049
vn 0.109400 0.964414 0.240702
vn 0.109400 0.964414 0.240702
vn 0.109400 0.964414 0.240702
vn 0.109400 0.964414 0.240702
vn 0.958222 0.236163 0.161363
vn 0.958222 0.236163 0.161363
vn 0.958222 0.236163 0.161363
vn 0.958222 0.236163 0.161363
vn 0.864977 0.466742 0.184301
vn 0.864977 0.466742 0.184301
vn 0.864977 0.466742 0.184301
vn 0.864977 0.466742 0.184301
vn 0.684231 0.692262 0.229351
vn 0.684231 0.692262 0.229351
vn 0.684231 0.692262 0.229351
vn 0.684231 0.692262 0.229351
vn 0.401611 0.869241 0.288320
vn 0.401611 0.869241 0.288320
vn 0.401611 0.869241 0.288320
vn 0.401611 0.869241 0.288320
vn 0.119159 0.939073 0.322401
vn 0.119159 0.939073 0.322401
vn 0.119159 0.939073 0.322401
vn 0.119159 0.939073 0.322401
vn 0.974078 0.212106 0.078635
vn 0.974078 0.212106 0.078635
vn 0.974078 0.212106 0.078635
vn 0.974078 0.212106 0.078635
vn 0.908513 0.388687 0.153386
vn 0.908513 0.388687 0.153386
vn 0.908513 0.388687 0.153386
vn 0.908513 0.388687 0.153386
vn 0.790582 0.560069 0.247594
vn 0.790582 0.560069 0.247594
vn 0.790582 0.560069 0.247594
vn 0.790582 0.560069 0.247594
vn 0.539688 0.770962 0.338163
vn 0.539688 0.770962 0.338163
vn 0.539688 0.770962 0.338163
vn 0.539688 0.770962 0.338163
vn 0.176784 0.904482 0.388149
vn 0.176784 0.904482 0.388149
vn 0.176784 0.904482 0.388149
vn 0.176784 0.904482 0.388149
vn 0.986806 0.160323 0.022605
vn 0.986806 0.160323 0.022605
vn 0.986806 0.160323 0.022605
vn 0.986806 0.160323 0.022605
vn 0.962552 0.270745 -0.013824
vn 0.962552 0.270745 -0.013824
vn 0.962552 0.270745 -0.013824
vn 0.962552 0.270745 -0.013824
vn 0.891460 0.442916 -0.095523
vn 0.891460 0.442916 -0.095523
vn 0.891460 0.442916 -0.095523
vn 0.891460 0.442916 -0.095523
vn 0.675091 0.699103 -0.235598
vn 0.675091 0.699103 -0.235598
vn 0.675091 0.699103 -0.235598
vn 0.675091 0.699103 -0.235598
vn 0.246732 0.904125 -0.348829
vn 0.246732 0.904125 -0.348829
vn 0.246732 0.904125 -0.348829
vn 0.246732 0.904125 -0.348829
vn 0.993849 0.106986 -0.028597
vn 0.993849 0.106986 -0.028597
vn 0.993849 0.106986 -0.028597
vn 0.993849 0.106986 -0.028597
vn 0.971252 0.213284 -0.105733
vn 0.971252 0.213284 -0.105733
vn 0.971252 0.213284 -0.105733
vn 0.971252 0.213284 -0.105733
vn 0.882837 0.367715 -0.292205
vn 0.882837 0.367715 -0.292205
vn 0.882837 0.367715 -0.292205
vn 0.882837 0.367715 -0.292205
vn 0.640799 0.533693 -0.551860
vn 0.640799 0.533693 -0.551860
vn 0.640799 0.533693 -0.551860
vn 0.640799 0.533693 -0.551860
vn 0.230905 0.638251 -0.734383
vn 0.230905 0.638251 -0.734383
vn 0.230905 0.638251 -0.734383
vn 0.230905 0.638251 -0.734383
vn 0.999004 0.024769 -0.037119
vn 0.999004 0.024769 -0.037119
vn 0.999004 0.024769 -0.037119
vn 0.999004 0.024769 -0.037119
vn 0.978399 0.117411 -0.170146
vn 0.978399 0.117411 -0.170146
vn 0.978399 0.117411 -0.170146
vn 0.978399 0.117411 -0.170146
vn 0.850243 0.236612 -0.470215
vn 0.850243 0.236612 -0.470215
vn 0.850243 0.236612 -0.470215
vn 0.850243 0.236612 -0.470215
vn 0.563666 0.308826 -0.766099
vn 0.563666 0.308826 -0.766099
vn 0.563666 0.308826 -0.766099
vn 0.563666 0.308826 -0.766099
vn 0.194692 0.336072 -0.921494
vn 0.194692 0.336072 -0.921494
vn 0.194692 0.336072 -0.921494
vn 0.194692 0.336072 -0.921494
vn 0.985635 0.059124 -0.158204
vn 0.985635 0.059124 -0.158204
vn 0.985635 0.059124 -0.158204
vn 0.985635 0.059124 -0.158204
vn 0.832764 0.131927 -0.537680
vn 0.832764 0.131927 -0.537680
vn 0.832764 0.131927 -0.537680
vn 0.832764 0.131927 -0.537680
vn 0.528120 0.183269 -0.829157
vn 0.528120 0.183269 -0.829157
vn 0.528120 0.183269 -0.829157
vn 0.528120 0.183269 -0.829157
vn 0.184869 0.208983 -0.960286
vn 0.184869 0.208983 -0.960286
vn 0.184869 0.208983 -0.960286
vn 0.184869 0.208983 -0.960286
vn 0.850906 0.104963 -0.514725
vn 0.850906 0.104963 -0.514725
vn 0.850906 0.104963 -0.514725
vn 0.850906 0.104963 -0.514725
vn 0.549685 0.177720 -0.816249
vn 0.549685 0.177720 -0.816249
vn 0.549685 0.177720 -0.816249
vn 0.549685 0.177720 -0.816249
vn 0.201425 0.224436 -0.953445
vn 0.201425 0.224436 -0.953445
vn 0.201425 0.224436 -0.953445
vn 0.201425 0.224436 -0.953445
vn 0.978993 0.056777 0.195828
vn 0.978993 0.056777 0.195828
vn 0.978993 0.056777 0.195828
vn 0.978993 0.056777 0.195828
vn 0.603495 -0.211579 0.768783
vn 0.603495 -0.211579 0.768783
vn 0.603495 -0.211579 0.768783
vn 0.603495 -0.211579 0.768783
vn 0.031368 -0.917932 -0.395496
vn 0.031368 -0.917932 -0.395496
vn 0.031368 -0.917932 -0.395496
vn 0.031368 -0.917932 -0.395496
vn 0.118116 -0.869382 -0.479816
vn 0.118116 -0.869382 -0.479816
vn 0.118116 -0.869382 -0.479816
vn 0.118116 -0.869382 -0.479816
vn 0.282722 -0.783119 -0.553888
vn 0.282722 -0.783119 -0.553888
vn 0.282722 -0.783119 -0.553888
vn 0.282722 -0.783119 -0.553888
vn 0.792544 0.603535 -0.087291
vn 0.792544 0.603535 -0.087291
vn 0.792544 0.603535 -0.087291
vn 0.792544 0.603535 -0.087291
vn 0.933361 0.348884 0.084359
vn 0.933361 0.348884 0.084359
vn 0.933361 0.348884 0.084359
vn 0.933361 0.348884 0.084359
vn 0.969641 0.131463 0.206188
vn 0.969641 0.131463 0.206188
vn 0.969641 0.131463 0.206188
vn 0.969641 0.131463 0.206188
vn 0.710922 0.702816 0.025301
vn 0.710922 0.702816 0.025301
vn 0.710922 0.702816 0.025301
vn 0.710922 0.702816 0.025301
vn 0.900140 0.434663 0.028576
vn 0.900140 0.434663 0.028576
vn 0.900140 0.434663 0.028576
vn 0.900140 0.434663 0.028576
vn 0.975750 0.215663 0.037444
vn 0.975750 0.215663 0.037444
vn 0.975750 0.215663 0.037444
vn 0.975750 0.215663 0.037444
vn 0.218998 0.969911 0.106365
vn 0.218998 0.969911 0.106365
vn 0.218998 0.969911 0.106365
vn 0.218998 0.969911 0.106365
vn 0.631308 0.767823 0.109084
vn 0.631308 0.767823 0.109084
vn 0.631308 0.767823 0.109084
vn 0.631308 0.767823 0.109084
vn 0.859363 0.499673 0.108732
vn 0.859363 0.499673 0.108732
vn 0.859363 0.499673 0.108732
vn 0.859363 0.499673 0.108732
vn 0.941577 0.323684 0.093069
vn 0.941577 0.323684 0.093069
vn 0.941577 0.323684 0.093069
vn 0.941577 0.323684 0.093069
vn 0.979687 0.185863 0.075284
vn 0.979687 0.185863 0.075284
vn 0.979687 0.185863 0.075284
vn 0.979687 0.185863 0.075284
vn 0.762316 -0.646087 -0.038027
vn 0.762316 -0.646087 -0.038027
vn 0.762316 -0.646087 -0.038027
vn 0.762316 -0.646087 -0.038027
vn 0.866603 -0.377997 -0.325756
vn 0.866603 -0.377997 -0.325756
vn 0.866603 -0.377997 -0.325756
vn 0.866603 -0.377997 -0.325756
vn 0.143575 0.906575 0.396872
vn 0.143575 0.906575 0.396872
vn 0.143575 0.906575 0.396872
vn 0.143575 0.906575 0.396872
vn 0.460787 0.821941 0.334795
vn 0.460787 0.821941 0.334795
vn 0.460787 0.821941 0.334795
vn 0.460787 0.821941 0.334795
vn 0.730126 0.645317 0.224682
vn 0.730126 0.645317 0.224682
vn 0.730126 0.645317 0.224682
vn 0.730126 0.645317 0.224682
vn 0.884544 0.449064 0.126187
vn 0.884544 0.449064 0.126187
vn 0.884544 0.449064 0.126187
vn 0.884544 0.449064 0.126187
vn 0.969465 0.237359 0.061624
vn 0.969465 0.237359 0.061624
vn 0.969465 0.237359 0.061624
vn 0.969465 0.237359 0.061624
vn 0.891011 0.424055 -0.162102
vn 0.891011 0.424055 -0.162102
vn 0.891011 0.424055 -0.162102
vn 0.891011 0.424055 -0.162102
vn 0.749519 0.661220 0.031781
vn 0.749519 0.661220 0.031781
vn 0.749519 0.661220 0.031781
vn 0.749519 0.661220 0.031781
vn 0.658344 0.643038 -0.391261
vn 0.658344 0.643038 -0.391261
vn 0.658344 0.643038 -0.391261
vn 0.658344 0.643038 -0.391261
vn 0.485693 0.861412 -0.148568
vn 0.485693 0.861412 -0.148568
vn 0.485693 0.861412 -0.148568
vn 0.485693 0.861412 -0.148568
vn 0.235862 0.792680 -0.562163
vn 0.235862 0.792680 -0.562163
vn 0.235862 0.792680 -0.562163
vn 0.235862 0.792680 -0.562163
vn 0.150719 0.958767 -0.240936
vn 0.150719 0.958767 -0.240936
vn 0.150719 0.958767 -0.240936
vn 0.150719 0.958767 -0.240936
vn -0.637854 -0.147073 -0.755984
vn -0.637854 -0.147073 -0.755984
vn -0.637854 -0.147073 -0.755984
vn -0.637854 -0.147073 -0.755984
vn -0.873402 -0.310582 -0.375111
vn -0.873402 -0.310582 -0.375111
vn -0.873402 -0.310582 -0.375111
vn -0.873402 -0.310582 -0.375111
vn -0.858711 -0.510649 -0.043037
vn -0.858711 -0.510649 -0.043037
vn -0.858711 -0.510649 -0.043037
vn -0.858711 -0.510649 -0.043037
vn -0.571268 -0.718581 0.396604
vn -0.571268 -0.718581 0.396604
vn -0.571268 -0.718581 0.396604
vn -0.571268 -0.718581 0.396604
vn -0.176195 -0.771554 0.611277
vn -0.176195 -0.771554 0.611277
vn -0.176195 -0.771554 0.611277
vn -0.176195 -0.771554 0.611277
vn -0.934371 -0.323995 -0.148250
vn -0.934371 -0.323995 -0.148250
vn -0.934371 -0.323995 -0.148250
vn -0.934371 -0.323995 -0.148250
vn -0.865767 -0.468960 -0.174711
vn -0.865767 -0.468960 -0.174711
vn -0.865767 -0.468960 -0.174711
vn -0.865767 -0.468960 -0.174711
vn -0.679077 -0.705403 -0.203128
vn -0.679077 -0.705403 -0.203128
vn -0.679077 -0.705403 -0.203128
vn -0.679077 -0.705403 -0.203128
vn -0.379558 -0.897594 -0.224189
vn -0.379558 -0.897594 -0.224189
vn -0.379558 -0.897594 -0.224189
vn -0.379558 -0.897594 -0.224189
vn -0.105896 -0.965753 -0.236868
vn -0.105896 -0.965753 -0.236868
vn -0.105896 -0.965753 -0.236868
vn -0.105896 -0.965753 -0.236868
vn -0.929747 -0.324439 -0.174098
vn -0.929747 -0.324439 -0.174098
vn -0.929747 -0.324439 -0.174098
vn -0.929747 -0.324439 -0.174098
vn -0.864277 -0.468194 -0.183900
vn -0.864277 -0.468194 -0.183900
vn -0.864277 -0.468194 -0.183900
vn -0.864277 -0.468194 -0.183900
vn -0.685977 -0.690857 -0.228369
vn -0.685977 -0.690857 -0.228369
vn -0.685977 -0.690857 -0.228369
vn -0.685977 -0.690857 -0.228369
vn -0.398683 -0.870362 -0.289002
vn -0.398683 -0.870362 -0.289002
vn -0.398683 -0.870362 -0.289002
vn -0.398683 -0.870362 -0.289002
vn -0.116081 -0.939144 -0.323316
vn -0.116081 -0.939144 -0.323316
vn -0.116081 -0.939144 -0.323316
vn -0.116081 -0.939144 -0.323316
vn -0.949571 -0.299910 -0.091477
vn -0.949571 -0.299910 -0.091477
vn -0.949571 -0.299910 -0.091477
vn -0.949571 -0.299910 -0.091477
vn -0.907891 -0.390422 -0.152657
vn -0.907891 -0.390422 -0.152657
vn -0.907891 -0.390422 -0.152657
vn -0.907891 -0.390422 -0.152657
vn -0.793816 -0.555925 -0.246584
vn -0.793816 -0.555925 -0.246584
vn -0.793816 -0.555925 -0.246584
vn -0.793816 -0.555925 -0.246584
vn -0.541746 -0.768337 -0.340837
vn -0.541746 -0.768337 -0.340837
vn -0.541746 -0.768337 -0.340837
vn -0.541746 -0.768337 -0.340837
vn -0.174730 -0.902629 -0.393357
vn -0.174730 -0.902629 -0.393357
vn -0.174730 -0.902629 -0.393357
vn -0.174730 -0.902629 -0.393357
vn -0.969410 -0.245439 0.001778
vn -0.969410 -0.245439 0.001778
vn -0.969410 -0.245439 0.001778
vn -0.969410 -0.245439 0.001778
vn -0.962332 -0.271524 0.013834
vn -0.962332 -0.271524 0.013834
vn -0.962332 -0.271524 0.013834
vn -0.962332 -0.271524 0.013834
vn -0.895360 -0.435771 0.091839
vn -0.895360 -0.435771 0.091839
vn -0.895360 -0.435771 0.091839
vn -0.895360 -0.435771 0.091839
vn -0.684264 -0.691324 0.232065
vn -0.684264 -0.691324 0.232065
vn -0.684264 -0.691324 0.232065
vn -0.684264 -0.691324 0.232065
vn -0.250788 -0.903089 0.348620
vn -0.250788 -0.903089 0.348620
vn -0.250788 -0.903089 0.348620
vn -0.250788 -0.903089 0.348620
vn -0.979674 -0.178820 0.090903
vn -0.979674 -0.178820 0.090903
vn -0.979674 -0.178820 0.090903
vn -0.979674 -0.178820 0.090903
vn -0.971191 -0.214105 0.104631
vn -0.971191 -0.214105 0.104631
vn -0.971191 -0.214105 0.104631
vn -0.971191 -0.214105 0.104631
vn -0.886565 -0.364133 0.285323
vn -0.886565 -0.364133 0.285323
vn -0.886565 -0.364133 0.285323
vn -0.886565 -0.364133 0.285323
vn -0.646156 -0.529677 0.549476
vn -0.646156 -0.529677 0.549476
vn -0.646156 -0.529677 0.549476
vn -0.646156 -0.529677 0.549476
vn -0.232687 -0.633732 0.737727
vn -0.232687 -0.633732 0.737727
vn -0.232687 -0.633732 0.737727
vn -0.232687 -0.633732 0.737727
vn -0.988898 -0.064453 0.133887
vn -0.988898 -0.064453 0.133887
vn -0.988898 -0.064453 0.133887
vn -0.988898 -0.064453 0.133887
vn -0.978822 -0.117451 0.167667
vn -0.978822 -0.117451 0.167667
vn -0.978822 -0.117451 0.167667
vn -0.978822 -0.117451 0.167667
vn -0.852208 -0.236232 0.466836
vn -0.852208 -0.236232 0.466836
vn -0.852208 -0.236232 0.466836
vn -0.852208 -0.236232 0.466836
vn -0.561459 -0.306050 0.768828
vn -0.561459 -0.306050 0.768828
vn -0.561459 -0.306050 0.768828
vn -0.561459 -0.306050 0.768828
vn -0.193183 -0.330757 0.923732
vn -0.193183 -0.330757 0.923732
vn -0.193183 -0.330757 0.923732
vn -0.193183 -0.330757 0.923732
vn -0.832953 -0.135043 0.536612
vn -0.832953 -0.135043 0.536612
vn -0.832953 -0.135043 0.536612
vn -0.832953 -0.135043 0.536612
vn -0.524207 -0.185449 0.831154
vn -0.524207 -0.185449 0.831154
vn -0.524207 -0.185449 0.831154
vn -0.524207 -0.185449 0.831154
vn -0.184204 -0.210661 0.960047
vn -0.184204 -0.210661 0.960047
vn -0.184204 -0.210661 0.960047
vn -0.184204 -0.210661 0.960047
vn -0.855754 -0.165215 0.490296
vn -0.855754 -0.165215 0.490296
vn -0.855754 -0.165215 0.490296
vn -0.855754 -0.165215 0.490296
vn -0.550393 -0.236044 0.800843
vn -0.550393 -0.236044 0.800843
vn -0.550393 -0.236044 0.800843
vn -0.550393 -0.236044 0.800843
vn -0.202729 -0.281197 0.937992
vn -0.202729 -0.281197 0.937992
vn -0.202729 -0.281197 0.937992
vn -0.202729 -0.281197 0.937992
vn -0.202325 -0.508957 0.836676
vn -0.202325 -0.508957 0.836676
vn -0.202325 -0.508957 0.836676
vn -0.202325 -0.508957 0.836676
vn -0.673416 -0.463688 0.575765
vn -0.673416 -0.463688 0.575765
vn -0.673416 -0.463688 0.575765
vn -0.673416 -0.463688 0.575765
vn -0.964969 -0.220834 0.141658
vn -0.964969 -0.220834 0.141658
vn -0.964969 -0.220834 0.141658
vn -0.964969 -0.220834 0.141658
vn -0.986328 -0.022245 -0.163288
vn -0.986328 -0.022245 -0.163288
vn -0.986328 -0.022245 -0.163288
vn -0.986328 -0.022245 -0.163288
vn -0.711283 0.249525 -0.657125
vn -0.711283 0.249525 -0.657125
vn -0.711283 0.249525 -0.657125
vn -0.711283 0.249525 -0.657125
vn -0.059772 0.850753 0.522156
vn -0.059772 0.850753 0.522156
vn -0.059772 0.850753 0.522156
vn -0.059772 0.850753 0.522156
vn -0.170399 0.821823 0.543664
vn -0.170399 0.821823 0.543664
vn -0.170399 0.821823 0.543664
vn -0.170399 0.821823 0.543664
vn -0.236781 0.799773 0.551632
vn -0.236781 0.799773 0.551632
vn -0.236781 0.799773 0.551632
vn -0.236781 0.799773 0.551632
vn -0.140378 -0.950648 0.276698
vn -0.140378 -0.950648 0.276698
vn -0.140378 -0.950648 0.276698
vn -0.140378 -0.950648 0.276698
vn -0.461596 -0.854896 0.236815
vn -0.461596 -0.854896 0.236815
vn -0.461596 -0.854896 0.236815
vn -0.461596 -0.854896 0.236815
vn -0.798442 -0.593297 0.102415
vn -0.798442 -0.593297 0.102415
vn -0.798442 -0.593297 0.102415
vn -0.798442 -0.593297 0.102415
vn -0.934766 -0.347058 -0.075914
vn -0.934766 -0.347058 -0.075914
vn -0.934766 -0.347058 -0.075914
vn -0.934766 -0.347058 -0.075914
vn -0.948860 -0.230921 -0.215269
vn -0.948860 -0.230921 -0.215269
vn -0.948860 -0.230921 -0.215269
vn -0.948860 -0.230921 -0.215269
vn -0.111209 -0.992364 -0.053351
vn -0.111209 -0.992364 -0.053351
vn -0.111209 -0.992364 -0.053351
vn -0.111209 -0.992364 -0.053351
vn -0.394263 -0.918010 -0.042595
vn -0.394263 -0.918010 -0.042595
vn -0.394263 -0.918010 -0.042595
vn -0.394263 -0.918010 -0.042595
vn -0.715456 -0.698233 -0.024351
vn -0.715456 -0.698233 -0.024351
vn -0.715456 -0.698233 -0.024351
vn -0.715456 -0.698233 -0.024351
vn -0.898711 -0.437448 -0.030947
vn -0.898711 -0.437448 -0.030947
vn -0.898711 -0.437448 -0.030947
vn -0.898711 -0.437448 -0.030947
vn -0.949668 -0.309357 -0.049277
vn -0.949668 -0.309357 -0.049277
vn -0.949668 -0.309357 -0.049277
vn -0.949668 -0.309357 -0.049277
vn -0.219899 -0.969024 -0.112411
vn -0.219899 -0.969024 -0.112411
vn -0.219899 -0.969024 -0.112411
vn -0.219899 -0.969024 -0.112411
vn -0.638749 -0.761194 -0.112179
vn -0.638749 -0.761194 -0.112179
vn -0.638749 -0.761194 -0.112179
vn -0.638749 -0.761194 -0.112179
vn -0.863542 -0.492304 -0.109232
vn -0.863542 -0.492304 -0.109232
vn -0.863542 -0.492304 -0.109232
vn -0.863542 -0.492304 -0.109232
vn -0.941306 -0.324586 -0.092664
vn -0.941306 -0.324586 -0.092664
vn -0.941306 -0.324586 -0.092664
vn -0.941306 -0.324586 -0.092664
vn -0.959021 -0.273258 -0.074897
vn -0.959021 -0.273258 -0.074897
vn -0.959021 -0.273258 -0.074897
vn -0.959021 -0.273258 -0.074897
vn -0.774863 0.613160 0.153697
vn -0.774863 0.613160 0.153697
vn -0.774863 0.613160 0.153697
vn -0.774863 0.613160 0.153697
vn -0.882699 0.357189 0.305383
vn -0.882699 0.357189 0.305383
vn -0.882699 0.357189 0.305383
vn -0.882699 0.357189 0.305383
vn -0.868251 0.218820 0.445261
vn -0.868251 0.218820 0.445261
vn -0.868251 0.218820 0.445261
vn -0.868251 0.218820 0.445261
vn -0.628096 0.094003 0.772437
vn -0.628096 0.094003 0.772437
vn -0.628096 0.094003 0.772437
vn -0.628096 0.094003 0.772437
vn -0.195015 0.128750 0.972313
vn -0.195015 0.128750 0.972313
vn -0.195015 0.128750 0.972313
vn -0.195015 0.128750 0.972313
vn -0.140759 -0.906108 -0.398942
vn -0.140759 -0.906108 -0.398942
vn -0.140759 -0.906108 -0.398942
vn -0.140759 -0.906108 -0.398942
vn -0.460349 -0.821690 -0.336013
vn -0.460349 -0.821690 -0.336013
vn -0.460349 -0.821690 -0.336013
vn -0.460349 -0.821690 -0.336013
vn -0.733326 -0.642186 -0.223227
vn -0.733326 -0.642186 -0.223227
vn -0.733326 -0.642186 -0.223227
vn -0.733326 -0.642186 -0.223227
vn -0.884087 -0.450191 -0.125370
vn -0.884087 -0.450191 -0.125370
vn -0.884087 -0.450191 -0.125370
vn -0.884087 -0.450191 -0.125370
vn -0.942668 -0.324619 -0.077461
vn -0.942668 -0.324619 -0.077461
vn -0.942668 -0.324619 -0.077461
vn -0.942668 -0.324619 -0.077461
vn 0.354563 -0.515642 -0.779999
vn 0.354563 -0.515642 -0.779999
vn 0.354563 -0.515642 -0.779999
vn 0.354563 -0.515642 -0.779999
vn 0.460290 -0.500553 -0.733198
vn 0.460290 -0.500553 -0.733198
vn 0.460290 -0.500553 -0.733198
vn 0.460290 -0.500553 -0.733198
vn 0.258011 -0.374013 -0.890811
vn 0.258011 -0.374013 -0.890811
vn 0.258011 -0.374013 -0.890811
vn 0.258011 -0.374013 -0.890811
vn 0.100183 -0.981740 -0.161710
vn 0.100183 -0.981740 -0.161710
vn 0.100183 -0.981740 -0.161710
vn 0.100183 -0.981740 -0.161710
vn 0.264812 -0.959878 -0.092239
vn 0.264812 -0.959878 -0.092239
vn 0.264812 -0.959878 -0.092239
vn 0.264812 -0.959878 -0.092239
vn 0.275140 -0.953912 -0.119791
vn 0.275140 -0.953912 -0.119791
vn 0.275140 -0.953912 -0.119791
vn 0.275140 -0.953912 -0.119791
vn 0.247095 -0.959793 -0.133196
vn 0.247095 -0.959793 -0.133196
vn 0.247095 -0.959793 -0.133196
vn 0.247095 -0.959793 -0.133196
vn 0.179198 -0.951669 0.249427
vn 0.179198 -0.951669 0.249427
vn 0.179198 -0.951669 0.249427
vn 0.179198 -0.951669 0.249427
vn 0.125141 -0.756785 0.641573
vn 0.125141 -0.756785 0.641573
vn 0.125141 -0.756785 0.641573
vn 0.125141 -0.756785 0.641573
vn 0.077984 -0.364200 0.928050
vn 0.077984 -0.364200 0.928050
vn 0.077984 -0.364200 0.928050
vn 0.077984 -0.364200 0.928050
vn -0.010314 -0.943130 -0.332265
vn -0.010314 -0.943130 -0.332265
vn -0.010314 -0.943130 -0.332265
vn -0.010314 -0.943130 -0.332265
vn -0.002072 -0.959885 -0.280388
vn -0.002072 -0.959885 -0.280388
vn -0.002072 -0.959885 -0.280388
vn -0.002072 -0.959885 -0.280388
vn 0.006574 -0.960132 -0.279471
vn 0.006574 -0.960132 -0.279471
vn 0.006574 -0.960132 -0.279471
vn 0.006574 -0.960132 -0.279471
vn -0.823560 -0.121222 0.554124
vn -0.823560 -0.121222 0.554124
vn -0.823560 -0.121222 0.554124
vn -0.823560 -0.121222 0.554124
vn 0.210661 -0.968323 -0.134064
vn 0.210661 -0.968323 -0.134064
vn 0.210661 -0.968323 -0.134064
vn 0.210661 -0.968323 -0.134064
vn 0.244862 -0.960206 -0.134341
vn 0.244862 -0.960206 -0.134341
vn 0.244862 -0.960206 -0.134341
vn 0.244862 -0.960206 -0.134341
vn 0.217391 -0.976062 0.006594
vn 0.217391 -0.976062 0.006594
vn 0.217391 -0.976062 0.006594
vn 0.217391 -0.976062 0.006594
vn -0.053134 0.007460 0.998560
vn -0.053134 0.007460 0.998560
vn -0.053134 0.007460 0.998560
vn -0.053134 0.007460 0.998560
vn 0.268840 -0.948430 -0.167945
vn 0.268840 -0.948430 -0.167945
vn 0.268840 -0.948430 -0.167945
vn 0.268840 -0.948430 -0.167945
vn 0.999755 0.016321 0.014981
vn 0.999755 0.016321 0.014981
vn 0.999755 0.016321 0.014981
vn 0.999755 0.016321 0.014981
vn 0.998044 0.036506 0.050746
vn 0.998044 0.036506 0.050746
vn 0.998044 0.036506 0.050746
vn 0.998044 0.036506 0.050746
vn 0.990472 0.050860 -0.127975
vn 0.990472 0.050860 -0.127975
vn 0.990472 0.050860 -0.127975
vn 0.990472 0.050860 -0.127975
vn -0.994967 -0.029153 0.095865
vn -0.994967 -0.029153 0.095865
vn -0.994967 -0.029153 0.095865
vn -0.994967 -0.029153 0.095865
vn -0.986611 -0.060997 0.151254
vn -0.986611 -0.060997 0.151254
vn -0.986611 -0.060997 0.151254
vn -0.986611 -0.060997 0.151254
vn -0.989406 -0.115735 0.087645
vn -0.989406 -0.115735 0.087645
vn -0.989406 -0.115735 0.087645
vn -0.989406 -0.115735 0.087645
vn 0.035884 -0.089899 0.995304
vn 0.035884 -0.089899 0.995304
vn 0.035884 -0.089899 0.995304
vn 0.035884 -0.089899 0.995304
vn -0.000573 -0.130826 0.991405
vn -0.000573 -0.130826 0.991405
vn -0.000573 -0.130826 0.991405
vn -0.000573 -0.130826 0.991405
vn 0.038043 -0.911197 -0.410211
vn 0.038043 -0.911197 -0.410211
vn 0.038043 -0.911197 -0.410211
vn 0.038043 -0.911197 -0.410211
vn 0.084910 -0.949705 -0.301416
vn 0.084910 -0.949705 -0.301416
vn 0.084910 -0.949705 -0.301416
vn 0.084910 -0.949705 -0.301416
vn -0.995335 -0.096300 0.005934
vn -0.995335 -0.096300 0.005934
vn -0.995335 -0.096300 0.005934
vn -0.995335 -0.096300 0.005934
vn -0.197306 0.760204 0.618999
vn -0.197306 0.760204 0.618999
vn -0.197306 0.760204 0.618999
vn -0.197306 0.760204 0.618999
vn -0.801673 -0.487637 -0.345733
vn -0.801673 -0.487637 -0.345733
vn -0.801673 -0.487637 -0.345733
vn -0.801673 -0.487637 -0.345733
vn -0.906862 -0.417510 -0.057331
vn -0.906862 -0.417510 -0.057331
vn -0.906862 -0.417510 -0.057331
vn -0.906862 -0.417510 -0.057331
vn -0.864597 -0.476617 -0.159087
vn -0.864597 -0.476617 -0.159087
vn -0.864597 -0.476617 -0.159087
vn -0.864597 -0.476617 -0.159087
vn 0.188587 -0.754083 -0.629121
vn 0.188587 -0.754083 -0.629121
vn 0.188587 -0.754083 -0.629121
vn 0.188587 -0.754083 -0.629121
vn 0.139969 -0.759492 -0.635280
vn 0.139969 -0.759492 -0.635280
vn 0.139969 -0.759492 -0.635280
vn 0.139969 -0.759492 -0.635280
vn 0.751351 0.495235 0.436135
vn 0.751351 0.495235 0.436135
vn 0.751351 0.495235 0.436135
vn 0.751351 0.495235 0.436135
vn 0.927836 0.372693 0.014841
vn 0.927836 0.372693 0.014841
vn 0.927836 0.372693 0.014841
vn 0.927836 0.372693 0.014841
vn 0.808274 0.536683 0.242207
vn 0.808274 0.536683 0.242207
vn 0.808274 0.536683 0.242207
vn 0.808274 0.536683 0.242207
vn -0.153760 0.718182 0.678655
vn -0.153760 0.718182 0.678655
vn -0.153760 0.718182 0.678655
vn -0.153760 0.718182 0.678655
vn -0.502318 -0.250613 0.827569
vn -0.502318 -0.250613 0.827569
vn -0.502318 -0.250613 0.827569
vn -0.502318 -0.250613 0.827569
vn 0.340806 -0.477200 -0.810020
vn 0.340806 -0.477200 -0.810020
vn 0.340806 -0.477200 -0.810020
vn 0.340806 -0.477200 -0.810020
vn 0.137624 -0.521984 0.841780
vn 0.137624 -0.521984 0.841780
vn 0.137624 -0.521984 0.841780
vn 0.137624 -0.521984 0.841780
vn 0.446301 -0.508337 -0.736484
vn 0.446301 -0.508337 -0.736484
vn 0.446301 -0.508337 -0.736484
vn 0.446301 -0.508337 -0.736484
vn -0.893518 -0.407086 -0.189489
vn -0.893518 -0.407086 -0.189489
vn -0.893518 -0.407086 -0.189489
vn -0.893518 -0.407086 -0.189489
vn 0.902254 0.377826 0.207812
vn 0.902254 0.377826 0.207812
vn 0.902254 0.377826 0.207812
vn 0.902254 0.377826 0.207812
vn -0.385141 -0.123939 0.914497
vn -0.385141 -0.123939 0.914497
vn -0.385141 -0.123939 0.914497
vn -0.385141 -0.123939 0.914497
vn 0.862026 -0.499880 0.083847
vn 0.862026 -0.499880 0.083847
vn 0.862026 -0.499880 0.083847
vn 0.862026 -0.499880 0.083847
vn 0.832028 -0.548254 0.084541
vn 0.832028 -0.548254 0.084541
vn 0.832028 -0.548254 0.084541
vn 0.832028 -0.548254 0.084541
vn 0.592597 -0.767650 0.244013
vn 0.592597 -0.767650 0.244013
vn 0.592597 -0.767650 0.244013
vn 0.592597 -0.767650 0.244013
vn 0.564560 -0.780710 0.267889
vn 0.564560 -0.780710 0.267889
vn 0.564560 -0.780710 0.267889
vn 0.564560 -0.780710 0.267889
vn 0.187612 -0.923253 0.335270
vn 0.187612 -0.923253 0.335270
vn 0.187612 -0.923253 0.335270
vn 0.187612 -0.923253 0.335270
vn 0.174589 -0.923670 0.341106
vn 0.174589 -0.923670 0.341106
vn 0.174589 -0.923670 0.341106
vn 0.174589 -0.923670 0.341106
vn -0.667256 0.028650 0.744277
vn -0.667256 0.028650 0.744277
vn -0.667256 0.028650 0.744277
vn -0.667256 0.028650 0.744277
vn -0.855504 0.337463 0.392724
vn -0.855504 0.337463 0.392724
vn -0.855504 0.337463 0.392724
vn -0.855504 0.337463 0.392724
vn -0.962701 0.232491 0.138399
vn -0.962701 0.232491 0.138399
vn -0.962701 0.232491 0.138399
vn -0.962701 0.232491 0.138399
vn -0.866322 0.467706 0.175320
vn -0.866322 0.467706 0.175320
vn -0.866322 0.467706 0.175320
vn -0.866322 0.467706 0.175320
vn -0.676535 0.707047 0.205877
vn -0.676535 0.707047 0.205877
vn -0.676535 0.707047 0.205877
vn -0.676535 0.707047 0.205877
vn -0.383300 0.895028 0.228049
vn -0.383300 0.895028 0.228049
vn -0.383300 0.895028 0.228049
vn -0.383300 0.895028 0.228049
vn -0.109441 0.964410 0.240700
vn -0.109441 0.964410 0.240700
vn -0.109441 0.964410 0.240700
vn -0.109441 0.964410 0.240700
vn -0.958222 0.236163 0.161363
vn -0.958222 0.236163 0.161363
vn -0.958222 0.236163 0.161363
vn -0.958222 0.236163 0.161363
vn -0.864977 0.466742 0.184301
vn -0.864977 0.466742 0.184301
vn -0.864977 0.466742 0.184301
vn -0.864977 0.466742 0.184301
vn -0.684231 0.692262 0.229351
vn -0.684231 0.692262 0.229351
vn -0.684231 0.692262 0.229351
vn -0.684231 0.692262 0.229351
vn -0.401611 0.869241 0.288320
vn -0.401611 0.869241 0.288320
vn -0.401611 0.869241 0.288320
vn -0.401611 0.869241 0.288320
vn -0.119199 0.939068 0.322401
vn -0.119199 0.939068 0.322401
vn -0.119199 0.939068 0.322401
vn -0.119199 0.939068 0.322401
vn -0.974078 0.212106 0.078635
vn -0.974078 0.212106 0.078635
vn -0.974078 0.212106 0.078635
vn -0.974078 0.212106 0.078635
vn -0.908513 0.388687 0.153386
vn -0.908513 0.388687 0.153386
vn -0.908513 0.388687 0.153386
vn -0.908513 0.388687 0.153386
vn -0.790582 0.560069 0.247594
vn -0.790582 0.560069 0.247594
vn -0.790582 0.560069 0.247594
vn -0.790582 0.560069 0.247594
vn -0.539688 0.770962 0.338164
vn -0.539688 0.770962 0.338164
vn -0.539688 0.770962 0.338164
vn -0.539688 0.770962 0.338164
vn -0.176847 0.904470 0.388149
vn -0.176847 0.904470 0.388149
vn -0.176847 0.904470 0.388149
vn -0.176847 0.904470 0.388149
vn -0.986806 0.160323 0.022605
vn -0.986806 0.160323 0.022605
vn -0.986806 0.160323 0.022605
vn -0.986806 0.160323 0.022605
vn -0.962552 0.270745 -0.013824
vn -0.962552 0.270745 -0.013824
vn -0.962552 0.270745 -0.013824
vn -0.962552 0.270745 -0.013824
vn -0.891460 0.442916 -0.095523
vn -0.891460 0.442916 -0.095523
vn -0.891460 0.442916 -0.095523
vn -0.891460 0.442916 -0.095523
vn -0.675092 0.699103 -0.235598
vn -0.675092 0.699103 -0.235598
vn -0.675092 0.699103 -0.235598
vn -0.675092 0.699103 -0.235598
vn -0.246822 0.904105 -0.348817
vn -0.246822 0.904105 -0.348817
vn -0.246822 0.904105 -0.348817
vn -0.246822 0.904105 -0.348817
vn -0.993849 0.106985 -0.028597
vn -0.993849 0.106985 -0.028597
vn -0.993849 0.106985 -0.028597
vn -0.993849 0.106985 -0.028597
vn -0.971252 0.213284 -0.105733
vn -0.971252 0.213284 -0.105733
vn -0.971252 0.213284 -0.105733
vn -0.971252 0.213284 -0.105733
vn -0.882837 0.367715 -0.292205
vn -0.882837 0.367715 -0.292205
vn -0.882837 0.367715 -0.292205
vn -0.882837 0.367715 -0.292205
vn -0.640798 0.533693 -0.551860
vn -0.640798 0.533693 -0.551860
vn -0.640798 0.533693 -0.551860
vn -0.640798 0.533693 -0.551860
vn -0.230996 0.638240 -0.734364
vn -0.230996 0.638240 -0.734364
vn -0.230996 0.638240 -0.734364
vn -0.230996 0.638240 -0.734364
vn -0.999004 0.024769 -0.037119
vn -0.999004 0.024769 -0.037119
vn -0.999004 0.024769 -0.037119
vn -0.999004 0.024769 -0.037119
vn -0.978399 0.117411 -0.170146
vn -0.978399 0.117411 -0.170146
vn -0.978399 0.117411 -0.170146
vn -0.978399 0.117411 -0.170146
vn -0.850243 0.236612 -0.470215
vn -0.850243 0.236612 -0.470215
vn -0.850243 0.236612 -0.470215
vn -0.850243 0.236612 -0.470215
vn -0.563665 0.308826 -0.766099
vn -0.563665 0.308826 -0.766099
vn -0.563665 0.308826 -0.766099
vn -0.563665 0.308826 -0.766099
vn -0.194760 0.336060 -0.921484
vn -0.194760 0.336060 -0.921484
vn -0.194760 0.336060 -0.921484
vn -0.194760 0.336060 -0.921484
vn -0.985635 0.059124 -0.158204
vn -0.985635 0.059124 -0.158204
vn -0.985635 0.059124 -0.158204
vn -0.985635 0.059124 -0.158204
vn -0.832764 0.131927 -0.537680
vn -0.832764 0.131927 -0.537680
vn -0.832764 0.131927 -0.537680
vn -0.832764 0.131927 -0.537680
vn -0.528120 0.183268 -0.829157
vn -0.528120 0.183268 -0.829157
vn -0.528120 0.183268 -0.829157
vn -0.528120 0.183268 -0.829157
vn -0.184868 0.208951 -0.960293
vn -0.184868 0.208951 -0.960293
vn -0.184868 0.208951 -0.960293
vn -0.184868 0.208951 -0.960293
vn -0.850906 0.104963 -0.514725
vn -0.850906 0.104963 -0.514725
vn -0.850906 0.104963 -0.514725
vn -0.850906 0.104963 -0.514725
vn -0.549686 0.177720 -0.816248
vn -0.549686 0.177720 -0.816248
vn -0.549686 0.177720 -0.816248
vn -0.549686 0.177720 -0.816248
vn -0.201441 0.224495 -0.953427
vn -0.201441 0.224495 -0.953427
vn -0.201441 0.224495 -0.953427
vn -0.201441 0.224495 -0.953427
vn -0.965949 0.231616 -0.115309
vn -0.965949 0.231616 -0.115309
vn -0.965949 0.231616 -0.115309
vn -0.965949 0.231616 -0.115309
vn -0.978992 0.056779 0.195832
vn -0.978992 0.056779 0.195832
vn -0.978992 0.056779 0.195832
vn -0.978992 0.056779 0.195832
vn -0.603495 -0.211579 0.768783
vn -0.603495 -0.211579 0.768783
vn -0.603495 -0.211579 0.768783
vn -0.603495 -0.211579 0.768783
vn -0.031358 -0.917947 -0.395461
vn -0.031358 -0.917947 -0.395461
vn -0.031358 -0.917947 -0.395461
vn -0.031358 -0.917947 -0.395461
vn -0.118115 -0.869382 -0.479816
vn -0.118115 -0.869382 -0.479816
vn -0.118115 -0.869382 -0.479816
vn -0.118115 -0.869382 -0.479816
vn -0.282718 -0.783121 -0.553888
vn -0.282718 -0.783121 -0.553888
vn -0.282718 -0.783121 -0.553888
vn -0.282718 -0.783121 -0.553888
vn -0.933359 0.348891 0.084360
vn -0.933359 0.348891 0.084360
vn -0.933359 0.348891 0.084360
vn -0.933359 0.348891 0.084360
vn -0.969641 0.131463 0.206188
vn -0.969641 0.131463 0.206188
vn -0.969641 0.131463 0.206188
vn -0.969641 0.131463 0.206188
vn -0.900139 0.434665 0.028578
vn -0.900139 0.434665 0.028578
vn -0.900139 0.434665 0.028578
vn -0.900139 0.434665 0.028578
vn -0.975750 0.215663 0.037444
vn -0.975750 0.215663 0.037444
vn -0.975750 0.215663 0.037444
vn -0.975750 0.215663 0.037444
vn -0.219075 0.969893 0.106368
vn -0.219075 0.969893 0.106368
vn -0.219075 0.969893 0.106368
vn -0.219075 0.969893 0.106368
vn -0.631308 0.767822 0.109085
vn -0.631308 0.767822 0.109085
vn -0.631308 0.767822 0.109085
vn -0.631308 0.767822 0.109085
vn -0.859363 0.499673 0.108732
vn -0.859363 0.499673 0.108732
vn -0.859363 0.499673 0.108732
vn -0.859363 0.499673 0.108732
vn -0.941577 0.323684 0.093069
vn -0.941577 0.323684 0.093069
vn -0.941577 0.323684 0.093069
vn -0.941577 0.323684 0.093069
vn -0.979687 0.185863 0.075284
vn -0.979687 0.185863 0.075284
vn -0.979687 0.185863 0.075284
vn -0.979687 0.185863 0.075284
vn -0.762316 -0.646087 -0.038027
vn -0.762316 -0.646087 -0.038027
vn -0.762316 -0.646087 -0.038027
vn -0.762316 -0.646087 -0.038027
vn -0.866601 -0.377999 -0.325760
vn -0.866601 -0.377999 -0.325760
vn -0.866601 -0.377999 -0.325760
vn -0.866601 -0.377999 -0.325760
vn -0.879963 -0.207781 -0.427191
vn -0.879963 -0.207781 -0.427191
vn -0.879963 -0.207781 -0.427191
vn -0.879963 -0.207781 -0.427191
vn -0.143626 0.906567 0.396872
vn -0.143626 0.906567 0.396872
vn -0.143626 0.906567 0.396872
vn -0.143626 0.906567 0.396872
vn -0.460787 0.821941 0.334795
vn -0.460787 0.821941 0.334795
vn -0.460787 0.821941 0.334795
vn -0.460787 0.821941 0.334795
vn -0.730126 0.645317 0.224682
vn -0.730126 0.645317 0.224682
vn -0.730126 0.645317 0.224682
vn -0.730126 0.645317 0.224682
vn -0.884544 0.449064 0.126186
vn -0.884544 0.449064 0.126186
vn -0.884544 0.449064 0.126186
vn -0.884544 0.449064 0.126186
vn -0.969465 0.237359 0.061624
vn -0.969465 0.237359 0.061624
vn -0.969465 0.237359 0.061624
vn -0.969465 0.237359 0.061624
vn -0.891011 0.424055 -0.162102
vn -0.891011 0.424055 -0.162102
vn -0.891011 0.424055 -0.162102
vn -0.891011 0.424055 -0.162102
vn -0.749519 0.661220 0.031781
vn -0.749519 0.661220 0.031781
vn -0.749519 0.661220 0.031781
vn -0.749519 0.661220 0.031781
vn -0.658344 0.643038 -0.391261
vn -0.658344 0.643038 -0.391261
vn -0.658344 0.643038 -0.391261
vn -0.658344 0.643038 -0.391261
vn -0.485693 0.861412 -0.148568
vn -0.485693 0.861412 -0.148568
vn -0.485693 0.861412 -0.148568
vn -0.485693 0.861412 -0.148568
vn -0.235843 0.792774 -0.562038
vn -0.235843 0.792774 -0.562038
vn -0.235843 0.792774 -0.562038
vn -0.235843 0.792774 -0.562038
vn -0.150735 0.958747 -0.241005
vn -0.150735 0.958747 -0.241005
vn -0.150735 0.958747 -0.241005
vn -0.150735 0.958747 -0.241005
vn 0.637854 -0.147074 -0.755984
vn 0.637854 -0.147074 -0.755984
vn 0.637854 -0.147074 -0.755984
vn 0.637854 -0.147074 -0.755984
vn 0.873402 -0.310582 -0.375110
vn 0.873402 -0.310582 -0.375110
vn 0.873402 -0.310582 -0.375110
vn 0.873402 -0.310582 -0.375110
vn 0.858711 -0.510650 -0.043037
vn 0.858711 -0.510650 -0.043037
vn 0.858711 -0.510650 -0.043037
vn 0.858711 -0.510650 -0.043037
vn 0.571268 -0.718581 0.396604
vn 0.571268 -0.718581 0.396604
vn 0.571268 -0.718581 0.396604
vn 0.571268 -0.718581 0.396604
vn 0.176199 -0.771480 0.611369
vn 0.176199 -0.771480 0.611369
vn 0.176199 -0.771480 0.611369
vn 0.176199 -0.771480 0.611369
vn 0.934371 -0.323995 -0.148250
vn 0.934371 -0.323995 -0.148250
vn 0.934371 -0.323995 -0.148250
vn 0.934371 -0.323995 -0.148250
vn 0.865767 -0.468960 -0.174711
vn 0.865767 -0.468960 -0.174711
vn 0.865767 -0.468960 -0.174711
vn 0.865767 -0.468960 -0.174711
vn 0.679077 -0.705403 -0.203128
vn 0.679077 -0.705403 -0.203128
vn 0.679077 -0.705403 -0.203128
vn 0.679077 -0.705403 -0.203128
vn 0.379558 -0.897594 -0.224189
vn 0.379558 -0.897594 -0.224189
vn 0.379558 -0.897594 -0.224189
vn 0.379558 -0.897594 -0.224189
vn 0.105938 -0.965749 -0.236868
vn 0.105938 -0.965749 -0.236868
vn 0.105938 -0.965749 -0.236868
vn 0.105938 -0.965749 -0.236868
vn 0.929747 -0.324439 -0.174098
vn 0.929747 -0.324439 -0.174098
vn 0.929747 -0.324439 -0.174098
vn 0.929747 -0.324439 -0.174098
vn 0.864277 -0.468194 -0.183900
vn 0.864277 -0.468194 -0.183900
vn 0.864277 -0.468194 -0.183900
vn 0.864277 -0.468194 -0.183900
vn 0.685977 -0.690857 -0.228369
vn 0.685977 -0.690857 -0.228369
vn 0.685977 -0.690857 -0.228369
vn 0.685977 -0.690857 -0.228369
vn 0.398683 -0.870362 -0.289002
vn 0.398683 -0.870362 -0.289002
vn 0.398683 -0.870362 -0.289002
vn 0.398683 -0.870362 -0.289002
vn 0.116123 -0.939139 -0.323315
vn 0.116123 -0.939139 -0.323315
vn 0.116123 -0.939139 -0.323315
vn 0.116123 -0.939139 -0.323315
vn 0.949571 -0.299910 -0.091477
vn 0.949571 -0.299910 -0.091477
vn 0.949571 -0.299910 -0.091477
vn 0.949571 -0.299910 -0.091477
vn 0.907891 -0.390422 -0.152657
vn 0.907891 -0.390422 -0.152657
vn 0.907891 -0.390422 -0.152657
vn 0.907891 -0.390422 -0.152657
vn 0.793816 -0.555925 -0.246584
vn 0.793816 -0.555925 -0.246584
vn 0.793816 -0.555925 -0.246584
vn 0.793816 -0.555925 -0.246584
vn 0.541746 -0.768337 -0.340837
vn 0.541746 -0.768337 -0.340837
vn 0.541746 -0.768337 -0.340837
vn 0.541746 -0.768337 -0.340837
vn 0.174794 -0.902616 -0.393358
vn 0.174794 -0.902616 -0.393358
vn 0.174794 -0.902616 -0.393358
vn 0.174794 -0.902616 -0.393358
vn 0.969410 -0.245439 0.001778
vn 0.969410 -0.245439 0.001778
vn 0.969410 -0.245439 0.001778
vn 0.969410 -0.245439 0.001778
vn 0.962332 -0.271524 0.013834
vn 0.962332 -0.271524 0.013834
vn 0.962332 -0.271524 0.013834
vn 0.962332 -0.271524 0.013834
vn 0.895360 -0.435771 0.091839
vn 0.895360 -0.435771 0.091839
vn 0.895360 -0.435771 0.091839
vn 0.895360 -0.435771 0.091839
vn 0.684264 -0.691324 0.232065
vn 0.684264 -0.691324 0.232065
vn 0.684264 -0.691324 0.232065
vn 0.684264 -0.691324 0.232065
vn 0.250884 -0.903067 0.348607
vn 0.250884 -0.903067 0.348607
vn 0.250884 -0.903067 0.348607
vn 0.250884 -0.903067 0.348607
vn 0.979673 -0.178820 0.090903
vn 0.979673 -0.178820 0.090903
vn 0.979673 -0.178820 0.090903
vn 0.979673 -0.178820 0.090903
vn 0.971191 -0.214105 0.104631
vn 0.971191 -0.214105 0.104631
vn 0.971191 -0.214105 0.104631
vn 0.971191 -0.214105 0.104631
vn 0.886565 -0.364133 0.285323
vn 0.886565 -0.364133 0.285323
vn 0.886565 -0.364133 0.285323
vn 0.886565 -0.364133 0.285323
vn 0.646156 -0.529678 0.549476
vn 0.646156 -0.529678 0.549476
vn 0.646156 -0.529678 0.549476
vn 0.646156 -0.529678 0.549476
vn 0.232765 -0.633717 0.737715
vn 0.232765 -0.633717 0.737715
vn 0.232765 -0.633717 0.737715
vn 0.232765 -0.633717 0.737715
vn 0.988898 -0.064453 0.133888
vn 0.988898 -0.064453 0.133888
vn 0.988898 -0.064453 0.133888
vn 0.988898 -0.064453 0.133888
vn 0.978822 -0.117451 0.167667
vn 0.978822 -0.117451 0.167667
vn 0.978822 -0.117451 0.167667
vn 0.978822 -0.117451 0.167667
vn 0.852208 -0.236232 0.466835
vn 0.852208 -0.236232 0.466835
vn 0.852208 -0.236232 0.466835
vn 0.852208 -0.236232 0.466835
vn 0.561459 -0.306050 0.768829
vn 0.561459 -0.306050 0.768829
vn 0.561459 -0.306050 0.768829
vn 0.561459 -0.306050 0.768829
vn 0.193224 -0.330747 0.923727
vn 0.193224 -0.330747 0.923727
vn 0.193224 -0.330747 0.923727
vn 0.193224 -0.330747 0.923727
vn 0.832953 -0.135043 0.536612
vn 0.832953 -0.135043 0.536612
vn 0.832953 -0.135043 0.536612
vn 0.832953 -0.135043 0.536612
vn 0.524206 -0.185449 0.831154
vn 0.524206 -0.185449 0.831154
vn 0.524206 -0.185449 0.831154
vn 0.524206 -0.185449 0.831154
vn 0.184244 -0.210668 0.960038
vn 0.184244 -0.210668 0.960038
vn 0.184244 -0.210668 0.960038
vn 0.184244 -0.210668 0.960038
vn 0.855754 -0.165215 0.490296
vn 0.855754 -0.165215 0.490296
vn 0.855754 -0.165215 0.490296
vn 0.855754 -0.165215 0.490296
vn 0.550393 -0.236044 0.800844
vn 0.550393 -0.236044 0.800844
vn 0.550393 -0.236044 0.800844
vn 0.550393 -0.236044 0.800844
vn 0.202803 -0.281206 0.937973
vn 0.202803 -0.281206 0.937973
vn 0.202803 -0.281206 0.937973
vn 0.202803 -0.281206 0.937973
vn 0.202340 -0.509040 0.836622
vn 0.202340 -0.509040 0.836622
vn 0.202340 -0.509040 0.836622
vn 0.202340 -0.509040 0.836622
vn 0.673416 -0.463688 0.575765
vn 0.673416 -0.463688 0.575765
vn 0.673416 -0.463688 0.575765
vn 0.673416 -0.463688 0.575765
vn 0.964969 -0.220834 0.141658
vn 0.964969 -0.220834 0.141658
vn 0.964969 -0.220834 0.141658
vn 0.964969 -0.220834 0.141658
vn 0.986328 -0.022245 -0.163288
vn 0.986328 -0.022245 -0.163288
vn 0.986328 -0.022245 -0.163288
vn 0.986328 -0.022245 -0.163288
vn 0.711283 0.249524 -0.657126
vn 0.711283 0.249524 -0.657126
vn 0.711283 0.249524 -0.657126
vn 0.711283 0.249524 -0.657126
vn 0.059772 0.850764 0.522138
vn 0.059772 0.850764 0.522138
vn 0.059772 0.850764 0.522138
vn 0.059772 0.850764 0.522138
vn 0.170399 0.821824 0.543664
vn 0.170399 0.821824 0.543664
vn 0.170399 0.821824 0.543664
vn 0.170399 0.821824 0.543664
vn 0.236781 0.799773 0.551632
vn 0.236781 0.799773 0.551632
vn 0.236781 0.799773 0.551632
vn 0.236781 0.799773 0.551632
vn 0.140380 -0.950664 0.276644
vn 0.140380 -0.950664 0.276644
vn 0.140380 -0.950664 0.276644
vn 0.140380 -0.950664 0.276644
vn 0.461596 -0.854896 0.236815
vn 0.461596 -0.854896 0.236815
vn 0.461596 -0.854896 0.236815
vn 0.461596 -0.854896 0.236815
vn 0.798442 -0.593297 0.102415
vn 0.798442 -0.593297 0.102415
vn 0.798442 -0.593297 0.102415
vn 0.798442 -0.593297 0.102415
vn 0.934766 -0.347058 -0.075914
vn 0.934766 -0.347058 -0.075914
vn 0.934766 -0.347058 -0.075914
vn 0.934766 -0.347058 -0.075914
vn 0.948860 -0.230921 -0.215269
vn 0.948860 -0.230921 -0.215269
vn 0.948860 -0.230921 -0.215269
vn 0.948860 -0.230921 -0.215269
vn 0.111257 -0.992359 -0.053352
vn 0.111257 -0.992359 -0.053352
vn 0.111257 -0.992359 -0.053352
vn 0.111257 -0.992359 -0.053352
vn 0.394263 -0.918010 -0.042595
vn 0.394263 -0.918010 -0.042595
vn 0.394263 -0.918010 -0.042595
vn 0.394263 -0.918010 -0.042595
vn 0.715456 -0.698233 -0.024351
vn 0.715456 -0.698233 -0.024351
vn 0.715456 -0.698233 -0.024351
vn 0.715456 -0.698233 -0.024351
vn 0.898711 -0.437448 -0.030947
vn 0.898711 -0.437448 -0.030947
vn 0.898711 -0.437448 -0.030947
vn 0.898711 -0.437448 -0.030947
vn 0.949668 -0.309357 -0.049277
vn 0.949668 -0.309357 -0.049277
vn 0.949668 -0.309357 -0.049277
vn 0.949668 -0.309357 -0.049277
vn 0.219984 -0.969005 -0.112413
vn 0.219984 -0.969005 -0.112413
vn 0.219984 -0.969005 -0.112413
vn 0.219984 -0.969005 -0.112413
vn 0.638748 -0.761194 -0.112179
vn 0.638748 -0.761194 -0.112179
vn 0.638748 -0.761194 -0.112179
vn 0.638748 -0.761194 -0.112179
vn 0.863542 -0.492304 -0.109232
vn 0.863542 -0.492304 -0.109232
vn 0.863542 -0.492304 -0.109232
vn 0.863542 -0.492304 -0.109232
vn 0.941306 -0.324586 -0.092664
vn 0.941306 -0.324586 -0.092664
vn 0.941306 -0.324586 -0.092664
vn 0.941306 -0.324586 -0.092664
vn 0.959021 -0.273258 -0.074897
vn 0.959021 -0.273258 -0.074897
vn 0.959021 -0.273258 -0.074897
vn 0.959021 -0.273258 -0.074897
vn 0.774862 0.613160 0.153697
vn 0.774862 0.613160 0.153697
vn 0.774862 0.613160 0.153697
vn 0.774862 0.613160 0.153697
vn 0.882699 0.357189 0.305383
vn 0.882699 0.357189 0.305383
vn 0.882699 0.357189 0.305383
vn 0.882699 0.357189 0.305383
vn 0.868251 0.218820 0.445261
vn 0.868251 0.218820 0.445261
vn 0.868251 0.218820 0.445261
vn 0.868251 0.218820 0.445261
vn 0.628096 0.094003 0.772437
vn 0.628096 0.094003 0.772437
vn 0.628096 0.094003 0.772437
vn 0.628096 0.094003 0.772437
vn 0.194987 0.128746 0.972319
vn 0.194987 0.128746 0.972319
vn 0.194987 0.128746 0.972319
vn 0.194987 0.128746 0.972319
vn 0.140808 -0.906102 -0.398939
vn 0.140808 -0.906102 -0.398939
vn 0.140808 -0.906102 -0.398939
vn 0.140808 -0.906102 -0.398939
vn 0.460350 -0.821690 -0.336013
vn 0.460350 -0.821690 -0.336013
vn 0.460350 -0.821690 -0.336013
vn 0.460350 -0.821690 -0.336013
vn 0.733326 -0.642186 -0.223227
vn 0.733326 -0.642186 -0.223227
vn 0.733326 -0.642186 -0.223227
vn 0.733326 -0.642186 -0.223227
vn 0.884087 -0.450191 -0.125370
vn 0.884087 -0.450191 -0.125370
vn 0.884087 -0.450191 -0.125370
vn 0.884087 -0.450191 -0.125370
vn 0.942668 -0.324618 -0.077461
vn 0.942668 -0.324618 -0.077461
vn 0.942668 -0.324618 -0.077461
vn 0.942668 -0.324618 -0.077461
vn -0.354563 -0.515642 -0.779999
vn -0.354563 -0.515642 -0.779999
vn -0.354563 -0.515642 -0.779999
vn -0.354563 -0.515642 -0.779999
vn -0.460290 -0.500553 -0.733198
vn -0.460290 -0.500553 -0.733198
vn -0.460290 -0.500553 -0.733198
vn -0.460290 -0.500553 -0.733198
vn -0.258061 -0.374109 -0.890757
vn -0.258061 -0.374109 -0.890757
vn -0.258061 -0.374109 -0.890757
vn -0.258061 -0.374109 -0.890757
vn -0.100182 -0.981740 -0.161712
vn -0.100182 -0.981740 -0.161712
vn -0.100182 -0.981740 -0.161712
vn -0.100182 -0.981740 -0.161712
vn -0.264812 -0.959878 -0.092239
vn -0.264812 -0.959878 -0.092239
vn -0.264812 -0.959878 -0.092239
vn -0.264812 -0.959878 -0.092239
vn -0.275140 -0.953912 -0.119791
vn -0.275140 -0.953912 -0.119791
vn -0.275140 -0.953912 -0.119791
vn -0.275140 -0.953912 -0.119791
vn -0.247095 -0.959793 -0.133195
vn -0.247095 -0.959793 -0.133195
vn -0.247095 -0.959793 -0.133195
vn -0.247095 -0.959793 -0.133195
vn -0.179196 -0.951670 0.249426
vn -0.179196 -0.951670 0.249426
vn -0.179196 -0.951670 0.249426
vn -0.179196 -0.951670 0.249426
vn -0.125135 -0.756786 0.641573
vn -0.125135 -0.756786 0.641573
vn -0.125135 -0.756786 0.641573
vn -0.125135 -0.756786 0.641573
vn -0.077981 -0.364200 0.928050
vn -0.077981 -0.364200 0.928050
vn -0.077981 -0.364200 0.928050
vn -0.077981 -0.364200 0.928050
vn 0.010313 -0.943130 -0.332265
vn 0.010313 -0.943130 -0.332265
vn 0.010313 -0.943130 -0.332265
vn 0.010313 -0.943130 -0.332265
vn 0.002071 -0.959884 -0.280390
vn 0.002071 -0.959884 -0.280390
vn 0.002071 -0.959884 -0.280390
vn 0.002071 -0.959884 -0.280390
vn -0.006577 -0.960131 -0.279473
vn -0.006577 -0.960131 -0.279473
vn -0.006577 -0.960131 -0.279473
vn -0.006577 -0.960131 -0.279473
vn 0.823563 -0.121220 0.554121
vn 0.823563 -0.121220 0.554121
vn 0.823563 -0.121220 0.554121
vn 0.823563 -0.121220 0.554121
vn -0.210661 -0.968323 -0.134064
vn -0.210661 -0.968323 -0.134064
vn -0.210661 -0.968323 -0.134064
vn -0.210661 -0.968323 -0.134064
vn -0.244862 -0.960206 -0.134341
vn -0.244862 -0.960206 -0.134341
vn -0.244862 -0.960206 -0.134341
vn -0.244862 -0.960206 -0.134341
vn -0.217391 -0.976062 0.006594
vn -0.217391 -0.976062 0.006594
vn -0.217391 -0.976062 0.006594
vn -0.217391 -0.976062 0.006594
vn 0.053134 0.007461 0.998560
vn 0.053134 0.007461 0.998560
vn 0.053134 0.007461 0.998560
vn 0.053134 0.007461 0.998560
vn -0.268839 -0.948430 -0.167945
vn -0.268839 -0.948430 -0.167945
vn -0.268839 -0.948430 -0.167945
vn -0.268839 -0.948430 -0.167945
vn -0.999755 0.016321 0.014981
vn -0.999755 0.016321 0.014981
vn -0.999755 0.016321 0.014981
vn -0.999755 0.016321 0.014981
vn -0.998044 0.036506 0.050746
vn -0.998044 0.036506 0.050746
vn -0.998044 0.036506 0.050746
vn -0.998044 0.036506 0.050746
vn -0.990472 0.050860 -0.127975
vn -0.990472 0.050860 -0.127975
vn -0.990472 0.050860 -0.127975
vn -0.990472 0.050860 -0.127975
vn 0.994967 -0.029153 0.095865
vn 0.994967 -0.029153 0.095865
vn 0.994967 -0.029153 0.095865
vn 0.994967 -0.029153 0.095865
vn 0.986611 -0.060997 0.151254
vn 0.986611 -0.060997 0.151254
vn 0.986611 -0.060997 0.151254
vn 0.986611 -0.060997 0.151254
vn 0.989406 -0.115735 0.087645
vn 0.989406 -0.115735 0.087645
vn 0.989406 -0.115735 0.087645
vn 0.989406 -0.115735 0.087645
vn -0.035886 -0.089900 0.995304
vn -0.035886 -0.089900 0.995304
vn -0.035886 -0.089900 0.995304
vn -0.035886 -0.089900 0.995304
vn 0.000577 -0.130826 0.991405
vn 0.000577 -0.130826 0.991405
vn 0.000577 -0.130826 0.991405
vn 0.000577 -0.130826 0.991405
vn -0.038040 -0.911197 -0.410210
vn -0.038040 -0.911197 -0.410210
vn -0.038040 -0.911197 -0.410210
vn -0.038040 -0.911197 -0.410210
vn -0.084903 -0.949705 -0.301416
vn -0.084903 -0.949705 -0.301416
vn -0.084903 -0.949705 -0.301416
vn -0.084903 -0.949705 -0.301416
vn 0.995335 -0.096300 0.005934
vn 0.995335 -0.096300 0.005934
vn 0.995335 -0.096300 0.005934
vn 0.995335 -0.096300 0.005934
vn 0.197307 0.760204 0.618999
vn 0.197307 0.760204 0.618999
vn 0.197307 0.760204 0.618999
vn 0.197307 0.760204 0.618999
vn 0.801673 -0.487636 -0.345733
vn 0.801673 -0.487636 -0.345733
vn 0.801673 -0.487636 -0.345733
vn 0.801673 -0.487636 -0.345733
vn 0.906862 -0.417510 -0.057331
vn 0.906862 -0.417510 -0.057331
vn 0.906862 -0.417510 -0.057331
vn 0.906862 -0.417510 -0.057331
vn 0.864597 -0.476617 -0.159087
vn 0.864597 -0.476617 -0.159087
vn 0.864597 -0.476617 -0.159087
vn 0.864597 -0.476617 -0.159087
vn -0.188586 -0.754083 -0.629122
vn -0.188586 -0.754083 -0.629122
vn -0.188586 -0.754083 -0.629122
vn -0.188586 -0.754083 -0.629122
vn -0.139968 -0.759492 -0.635280
vn -0.139968 -0.759492 -0.635280
vn -0.139968 -0.759492 -0.635280
vn -0.139968 -0.759492 -0.635280
vn -0.751351 0.495235 0.436135
vn -0.751351 0.495235 0.436135
vn -0.751351 0.495235 0.436135
vn -0.751351 0.495235 0.436135
vn -0.927836 0.372692 0.014841
vn -0.927836 0.372692 0.014841
vn -0.927836 0.372692 0.014841
vn -0.927836 0.372692 0.014841
vn -0.808275 0.536682 0.242207
vn -0.808275 0.536682 0.242207
vn -0.808275 0.536682 0.242207
vn -0.808275 0.536682 0.242207
vn 0.153760 0.718181 0.678655
vn 0.153760 0.718181 0.678655
vn 0.153760 0.718181 0.678655
vn 0.153760 0.718181 0.678655
vn 0.502317 -0.250613 0.827569
vn 0.502317 -0.250613 0.827569
vn 0.502317 -0.250613 0.827569
vn 0.502317 -0.250613 0.827569
vn -0.340806 -0.477199 -0.810020
vn -0.340806 -0.477199 -0.810020
vn -0.340806 -0.477199 -0.810020
vn -0.340806 -0.477199 -0.810020
vn -0.137624 -0.521984 0.841779
vn -0.137624 -0.521984 0.841779
vn -0.137624 -0.521984 0.841779
vn -0.137624 -0.521984 0.841779
vn -0.446299 -0.508338 -0.736485
vn -0.446299 -0.508338 -0.736485
vn -0.446299 -0.508338 -0.736485
vn -0.446299 -0.508338 -0.736485
vn 0.893518 -0.407086 -0.189489
vn 0.893518 -0.407086 -0.189489
vn 0.893518 -0.407086 -0.189489
vn 0.893518 -0.407086 -0.189489
vn -0.902253 0.377827 0.207812
vn -0.902253 0.377827 0.207812
vn -0.902253 0.377827 0.207812
vn -0.902253 0.377827 0.207812
vn 0.385135 -0.123937 0.914500
vn 0.385135 -0.123937 0.914500
vn 0.385135 -0.123937 0.914500
vn 0.385135 -0.123937 0.914500
vn 0.832470 0.546165 0.093263
vn 0.832470 0.546165 0.093263
vn 0.832470 0.546165 0.093263
vn 0.832470 0.546165 0.093263
vn 0.965949 0.231614 -0.115311
vn 0.965949 0.231614 -0.115311
vn 0.965949 0.231614 -0.115311
vn 0.965949 0.231614 -0.115311
vn 0.879966 -0.207775 -0.427187
vn 0.879966 -0.207775 -0.427187
vn 0.879966 -0.207775 -0.427187
vn 0.879966 -0.207775 -0.427187
vn 0.646434 -0.043749 -0.761714
vn 0.646434 -0.043749 -0.761714
vn 0.646434 -0.043749 -0.761714
vn 0.646434 -0.043749 -0.761714
vn 0.192766 -0.170011 -0.966404
vn 0.192766 -0.170011 -0.966404
vn 0.192766 -0.170011 -0.966404
vn 0.192766 -0.170011 -0.966404
vn -0.646434 -0.043751 -0.761714
vn -0.646434 -0.043751 -0.761714
vn -0.646434 -0.043751 -0.761714
vn -0.646434 -0.043751 -0.761714
vn -0.192836 -0.169462 -0.966487
vn -0.192836 -0.169462 -0.966487
vn -0.192836 -0.169462 -0.966487
vn -0.192836 -0.169462 -0.966487
vn -0.832470 0.546166 0.093257
vn -0.832470 0.546166 0.093257
vn -0.832470 0.546166 0.093257
vn -0.832470 0.546166 0.093257
vn -0.792536 0.603545 -0.087293
vn -0.792536 0.603545 -0.087293
vn -0.792536 0.603545 -0.087293
vn -0.792536 0.603545 -0.087293
vn -0.710919 0.702819 0.025299
vn -0.710919 0.702819 0.025299
vn -0.710919 0.702819 0.025299
vn -0.710919 0.702819 0.025299
vn 0.565962 0.749879 -0.342590
vn 0.565962 0.749879 -0.342590
vn 0.565962 0.749879 -0.342590
vn 0.565962 0.749879 -0.342590
vn 0.673417 0.524370 -0.521100
vn 0.673417 0.524370 -0.521100
vn 0.673417 0.524370 -0.521100
vn 0.673417 0.524370 -0.521100
vn 0.206413 0.600108 -0.772829
vn 0.206413 0.600108 -0.772829
vn 0.206413 0.600108 -0.772829
vn 0.206413 0.600108 -0.772829
vn 0.463500 0.857440 -0.223528
vn 0.463500 0.857440 -0.223528
vn 0.463500 0.857440 -0.223528
vn 0.463500 0.857440 -0.223528
vn 0.115304 0.991121 0.066214
vn 0.115304 0.991121 0.066214
vn 0.115304 0.991121 0.066214
vn 0.115304 0.991121 0.066214
vn 0.398143 0.915850 0.051963
vn 0.398143 0.915850 0.051963
vn 0.398143 0.915850 0.051963
vn 0.398143 0.915850 0.051963
vn -0.565952 0.749901 -0.342560
vn -0.565952 0.749901 -0.342560
vn -0.565952 0.749901 -0.342560
vn -0.565952 0.749901 -0.342560
vn -0.206494 0.600098 -0.772815
vn -0.206494 0.600098 -0.772815
vn -0.206494 0.600098 -0.772815
vn -0.206494 0.600098 -0.772815
vn -0.673421 0.524354 -0.521111
vn -0.673421 0.524354 -0.521111
vn -0.673421 0.524354 -0.521111
vn -0.673421 0.524354 -0.521111
vn -0.463490 0.857439 -0.223550
vn -0.463490 0.857439 -0.223550
vn -0.463490 0.857439 -0.223550
vn -0.463490 0.857439 -0.223550
vn -0.115351 0.991115 0.066214
vn -0.115351 0.991115 0.066214
vn -0.115351 0.991115 0.066214
vn -0.115351 0.991115 0.066214
vn -0.398141 0.915851 0.051961
vn -0.398141 0.915851 0.051961
vn -0.398141 0.915851 0.051961
vn -0.398141 0.915851 0.051961
vn 0.143146 0.956119 -0.255629
vn 0.143146 0.956119 -0.255629
vn 0.143146 0.956119 -0.255629
vn 0.143146 0.956119 -0.255629
vn -0.143153 0.956136 -0.255559
vn -0.143153 0.956136 -0.255559
vn -0.143153 0.956136 -0.255559
vn -0.143153 0.956136 -0.255559
vn 0.183094 0.789630 -0.585629
vn 0.183094 0.789630 -0.585629
vn 0.183094 0.789630 -0.585629
vn 0.183094 0.789630 -0.585629
vn -0.183130 0.789489 -0.585808
vn -0.183130 0.789489 -0.585808
vn -0.183130 0.789489 -0.585808
vn -0.183130 0.789489 -0.585808
s 1
g Mesh
usemtl trixie_cape_trixie_cape_defaultMat
f 37/1/1 40/2/2 38/4/3
f 38/4/3 40/2/2 39/3/4
s 2
f 40/2/5 42/5/6 39/3/7
f 39/3/7 42/5/6 41/6/8
s 3
f 39/3/9 44/7/10 38/4/11
f 38/4/11 44/7/10 43/8/12
s 4
f 41/6/13 45/9/14 39/3/15
f 39/3/15 45/9/14 44/7/16
s 5
f 44/7/17 17/10/18 43/8/19
f 43/8/19 17/10/18 1/11/20
s 6
f 45/9/21 12/12/22 44/7/23
f 44/7/23 12/12/22 17/10/24
s 7
f 49/14/25 48/15/26 46/13/27
f 46/13/27 48/15/26 47/16/28
s 8
f 48/15/29 49/14/30 50/18/31
f 50/18/31 49/14/30 51/17/32
s 9
f 59/20/33 58/21/34 56/19/35
f 56/19/35 58/21/34 57/22/36
s 10
f 58/21/37 59/20/38 60/24/39
f 60/24/39 59/20/38 61/23/40
s 11
f 60/24/41 61/23/42 62/26/43
f 62/26/43 61/23/42 63/25/44
s 12
f 62/26/45 63/25/46 64/28/47
f 64/28/47 63/25/46 65/27/48
s 13
f 64/28/49 65/27/50 2/30/51
f 2/30/51 65/27/50 3/29/52
s 14
f 67/32/53 59/20/54 66/31/55
f 66/31/55 59/20/54 56/19/56
s 15
f 59/20/57 67/32/58 61/23/59
f 61/23/59 67/32/58 68/33/60
s 16
f 61/23/61 68/33/62 63/25/63
f 63/25/63 68/33/62 69/34/64
s 17
f 63/25/65 69/34/66 65/27/67
f 65/27/67 69/34/66 70/35/68
s 18
f 65/27/69 70/35/70 3/29/71
f 3/29/71 70/35/70 16/36/72
s 19
f 74/38/73 73/39/74 71/37/75
f 71/37/75 73/39/74 72/40/76
s 20
f 73/39/77 74/38/78 75/42/79
f 75/42/79 74/38/78 76/41/80
s 21
f 75/42/81 76/41/82 77/44/83
f 77/44/83 76/41/82 78/43/84
s 22
f 77/44/85 78/43/86 79/46/87
f 79/46/87 78/43/86 80/45/88
s 23
f 79/46/89 80/45/90 4/48/91
f 4/48/91 80/45/90 14/47/92
s 24
f 84/50/93 83/51/94 81/49/95
f 81/49/95 83/51/94 82/52/96
s 25
f 83/51/97 84/50/98 85/54/99
f 85/54/99 84/50/98 86/53/100
s 26
f 85/54/101 86/53/102 87/56/103
f 87/56/103 86/53/102 88/55/104
s 27
f 87/56/105 88/55/106 89/58/107
f 89/58/107 88/55/106 90/57/108
s 28
f 89/58/109 90/57/110 5/60/111
f 5/60/111 90/57/110 6/59/112
s 29
f 91/61/113 92/62/114 81/49/115
f 81/49/115 92/62/114 84/50/116
s 30
f 92/62/117 93/63/118 84/50/119
f 84/50/119 93/63/118 86/53/120
s 31
f 93/63/121 94/64/122 86/53/123
f 86/53/123 94/64/122 88/55/124
s 32
f 94/64/125 95/65/126 88/55/127
f 88/55/127 95/65/126 90/57/128
s 33
f 95/65/129 7/66/130 90/57/131
f 90/57/131 7/66/130 6/59/132
s 34
f 96/67/133 97/68/134 91/61/135
f 91/61/135 97/68/134 92/62/136
s 35
f 97/68/137 98/69/138 92/62/139
f 92/62/139 98/69/138 93/63/140
s 36
f 98/69/141 99/70/142 93/63/143
f 93/63/143 99/70/142 94/64/144
s 37
f 99/70/145 100/71/146 94/64/147
f 94/64/147 100/71/146 95/65/148
s 38
f 100/71/149 8/72/150 95/65/151
f 95/65/151 8/72/150 7/66/152
s 39
f 102/73/153 101/74/154 97/68/155
f 97/68/155 101/74/154 98/69/156
s 40
f 101/74/157 103/75/158 98/69/159
f 98/69/159 103/75/158 99/70/160
s 41
f 103/75/161 104/76/162 99/70/163
f 99/70/163 104/76/162 100/71/164
s 42
f 104/76/165 9/77/166 100/71/167
f 100/71/167 9/77/166 8/72/168
s 43
f 103/75/169 101/74/170 105/78/171
f 105/78/171 101/74/170 106/79/172
s 44
f 104/76/173 103/75/174 107/80/175
f 107/80/175 103/75/174 105/78/176
s 45
f 9/77/177 104/76/178 10/81/179
f 10/81/179 104/76/178 107/80/180
s 46
f 48/15/181 50/18/182 111/82/183
f 111/82/183 50/18/182 110/83/184
s 47
f 47/16/185 48/15/186 112/84/187
f 112/84/187 48/15/186 111/82/188
s 48
f 113/85/189 11/86/190 45/9/191
f 45/9/191 11/86/190 12/12/192
s 49
f 114/87/193 113/85/194 41/6/195
f 41/6/195 113/85/194 45/9/196
s 50
f 115/88/197 114/87/198 42/5/199
f 42/5/199 114/87/198 41/6/200
s 51
f 51/17/201 118/89/202 53/91/203
f 53/91/203 118/89/202 117/90/204
s 52
f 49/14/205 119/92/206 51/17/207
f 51/17/207 119/92/206 118/89/208
s 53
f 119/92/209 49/14/210 120/93/211
f 120/93/211 49/14/210 46/13/212
s 54
f 118/89/213 60/24/214 117/90/215
f 117/90/215 60/24/214 62/26/216
s 55
f 119/92/217 58/21/218 118/89/219
f 118/89/219 58/21/218 60/24/220
s 56
f 120/93/221 57/22/222 119/92/223
f 119/92/223 57/22/222 58/21/224
s 57
f 80/45/225 89/58/226 14/47/227
f 14/47/227 89/58/226 5/60/228
s 58
f 78/43/229 87/56/230 80/45/231
f 80/45/231 87/56/230 89/58/232
s 59
f 76/41/233 85/54/234 78/43/235
f 78/43/235 85/54/234 87/56/236
s 60
f 74/38/237 83/51/238 76/41/239
f 76/41/239 83/51/238 85/54/240
s 61
f 83/51/241 74/38/242 82/52/243
f 82/52/243 74/38/242 71/37/244
s 62
f 121/94/245 122/95/246 111/82/247
f 111/82/247 122/95/246 112/84/248
s 63
f 111/82/249 110/83/250 121/94/251
f 121/94/251 110/83/250 115/88/252
s 64
f 70/35/253 79/46/254 16/36/255
f 16/36/255 79/46/254 4/48/256
s 65
f 69/34/257 77/44/258 70/35/259
f 70/35/259 77/44/258 79/46/260
s 66
f 68/33/261 75/42/262 69/34/263
f 69/34/263 75/42/262 77/44/264
s 67
f 67/32/265 73/39/266 68/33/267
f 68/33/267 73/39/266 75/42/268
s 68
f 73/39/269 67/32/270 72/40/271
f 72/40/271 67/32/270 66/31/272
s 69
f 123/96/273 126/97/274 124/99/275
f 124/99/275 126/97/274 125/98/276
s 70
f 124/99/277 125/98/278 127/101/279
f 127/101/279 125/98/278 128/100/280
s 71
f 130/102/281 129/103/282 126/97/283
f 126/97/283 129/103/282 125/98/284
s 72
f 129/103/285 131/104/286 125/98/287
f 125/98/287 131/104/286 128/100/288
s 73
f 18/105/289 36/106/290 130/102/291
f 130/102/291 36/106/290 129/103/292
s 74
f 36/106/293 30/107/294 129/103/295
f 129/103/295 30/107/294 131/104/296
s 75
f 132/108/297 135/109/298 133/111/299
f 133/111/299 135/109/298 134/110/300
s 76
f 133/111/301 137/112/302 132/108/303
f 132/108/303 137/112/302 136/113/304
s 77
f 137/112/305 139/114/306 136/113/307
f 136/113/307 139/114/306 138/115/308
s 78
f 139/114/309 141/116/310 138/115/311
f 138/115/311 141/116/310 140/117/312
s 79
f 141/116/313 19/118/314 140/117/315
f 140/117/315 19/118/314 31/119/316
s 80
f 142/120/317 145/121/318 143/123/319
f 143/123/319 145/121/318 144/122/320
s 81
f 143/123/321 147/124/322 142/120/323
f 142/120/323 147/124/322 146/125/324
s 82
f 147/124/325 149/126/326 146/125/327
f 146/125/327 149/126/326 148/127/328
s 83
f 149/126/329 151/128/330 148/127/331
f 148/127/331 151/128/330 150/129/332
s 84
f 151/128/333 20/130/334 150/129/335
f 150/129/335 20/130/334 21/131/336
s 85
f 152/132/337 153/133/338 142/120/339
f 142/120/339 153/133/338 145/121/340
s 86
f 142/120/341 146/125/342 152/132/343
f 152/132/343 146/125/342 154/134/344
s 87
f 146/125/345 148/127/346 154/134/347
f 154/134/347 148/127/346 155/135/348
s 88
f 148/127/349 150/129/350 155/135/351
f 155/135/351 150/129/350 156/136/352
s 89
f 150/129/353 21/131/354 156/136/355
f 156/136/355 21/131/354 35/137/356
s 90
f 157/138/357 160/139/358 158/141/359
f 158/141/359 160/139/358 159/140/360
s 91
f 158/141/361 162/142/362 157/138/363
f 157/138/363 162/142/362 161/143/364
s 92
f 162/142/365 164/144/366 161/143/367
f 161/143/367 164/144/366 163/145/368
s 93
f 164/144/369 166/146/370 163/145/371
f 163/145/371 166/146/370 165/147/372
s 94
f 166/146/373 22/148/374 165/147/375
f 165/147/375 22/148/374 33/149/376
s 95
f 167/150/377 170/151/378 168/153/379
f 168/153/379 170/151/378 169/152/380
s 96
f 168/153/381 172/154/382 167/150/383
f 167/150/383 172/154/382 171/155/384
s 97
f 172/154/385 174/156/386 171/155/387
f 171/155/387 174/156/386 173/157/388
s 98
f 174/156/389 176/158/390 173/157/391
f 173/157/391 176/158/390 175/159/392
s 99
f 176/158/393 23/160/394 175/159/395
f 175/159/395 23/160/394 24/161/396
s 100
f 178/163/397 170/151/398 177/162/399
f 177/162/399 170/151/398 167/150/400
s 101
f 171/155/401 179/164/402 167/150/403
f 167/150/403 179/164/402 177/162/404
s 102
f 173/157/405 180/165/406 171/155/407
f 171/155/407 180/165/406 179/164/408
s 103
f 175/159/409 181/166/410 173/157/411
f 173/157/411 181/166/410 180/165/412
s 104
f 24/161/413 25/167/414 175/159/415
f 175/159/415 25/167/414 181/166/416
s 105
f 183/169/417 178/163/418 182/168/419
f 182/168/419 178/163/418 177/162/420
s 106
f 179/164/421 184/170/422 177/162/423
f 177/162/423 184/170/422 182/168/424
s 107
f 180/165/425 185/171/426 179/164/427
f 179/164/427 185/171/426 184/170/428
s 108
f 181/166/429 186/172/430 180/165/431
f 180/165/431 186/172/430 185/171/432
s 109
f 25/167/433 26/173/434 181/166/435
f 181/166/435 26/173/434 186/172/436
s 110
f 185/171/437 188/174/438 184/170/439
f 184/170/439 188/174/438 187/175/440
s 111
f 186/172/441 189/176/442 185/171/443
f 185/171/443 189/176/442 188/174/444
s 112
f 26/173/445 27/177/446 186/172/447
f 186/172/447 27/177/446 189/176/448
s 113
f 191/179/449 187/175/450 190/178/451
f 190/178/451 187/175/450 188/174/452
s 114
f 190/178/453 188/174/454 192/180/455
f 192/180/455 188/174/454 189/176/456
s 115
f 192/180/457 189/176/458 28/181/459
f 28/181/459 189/176/458 27/177/460
s 116
f 34/183/461 19/118/462 193/182/463
f 193/182/463 19/118/462 141/116/464
s 117
f 194/184/465 193/182/466 139/114/467
f 139/114/467 193/182/466 141/116/468
s 118
f 195/185/469 194/184/470 137/112/471
f 137/112/471 194/184/470 139/114/472
s 119
f 195/185/473 137/112/474 196/186/475
f 196/186/475 137/112/474 133/111/476
s 120
f 196/186/477 133/111/478 197/187/479
f 197/187/479 133/111/478 134/110/480
s 121
f 30/107/481 29/188/482 131/104/483
f 131/104/483 29/188/482 198/189/484
s 122
f 131/104/485 198/189/486 128/100/487
f 128/100/487 198/189/486 199/190/488
s 123
f 128/100/489 199/190/490 127/101/491
f 127/101/491 199/190/490 200/191/492
s 124
f 140/117/493 31/119/494 201/193/495
f 201/193/495 31/119/494 32/192/496
s 125
f 138/115/497 140/117/498 202/194/499
f 202/194/499 140/117/498 201/193/500
s 126
f 136/113/501 138/115/502 203/195/503
f 203/195/503 138/115/502 202/194/504
s 127
f 132/108/505 136/113/506 204/196/507
f 204/196/507 136/113/506 203/195/508
s 128
f 204/196/509 205/197/510 132/108/511
f 132/108/511 205/197/510 135/109/512
s 129
f 201/193/513 32/192/514 151/128/515
f 151/128/515 32/192/514 20/130/516
s 130
f 202/194/517 201/193/518 149/126/519
f 149/126/519 201/193/518 151/128/520
s 131
f 203/195/521 202/194/522 147/124/523
f 147/124/523 202/194/522 149/126/524
s 132
f 204/196/525 203/195/526 143/123/527
f 143/123/527 203/195/526 147/124/528
s 133
f 143/123/529 144/122/530 204/196/531
f 204/196/531 144/122/530 205/197/532
s 134
f 165/147/533 33/149/534 176/158/535
f 176/158/535 33/149/534 23/160/536
s 135
f 163/145/537 165/147/538 174/156/539
f 174/156/539 165/147/538 176/158/540
s 136
f 161/143/541 163/145/542 172/154/543
f 172/154/543 163/145/542 174/156/544
s 137
f 157/138/545 161/143/546 168/153/547
f 168/153/547 161/143/546 172/154/548
s 138
f 160/139/549 157/138/550 169/152/551
f 169/152/551 157/138/550 168/153/552
s 139
f 207/199/553 196/186/554 206/198/555
f 206/198/555 196/186/554 197/187/556
s 140
f 200/191/557 195/185/558 207/199/559
f 207/199/559 195/185/558 196/186/560
s 141
f 199/190/561 194/184/562 200/191/563
f 200/191/563 194/184/562 195/185/564
s 142
f 198/189/565 193/182/566 199/190/567
f 199/190/567 193/182/566 194/184/568
s 143
f 29/188/569 34/183/570 198/189/571
f 198/189/571 34/183/570 193/182/572
s 144
f 156/136/573 35/137/574 166/146/575
f 166/146/575 35/137/574 22/148/576
s 145
f 155/135/577 156/136/578 164/144/579
f 164/144/579 156/136/578 166/146/580
s 146
f 154/134/581 155/135/582 162/142/583
f 162/142/583 155/135/582 164/144/584
s 147
f 152/132/585 154/134/586 158/141/587
f 158/141/587 154/134/586 162/142/588
s 148
f 153/133/589 152/132/590 159/140/591
f 159/140/591 152/132/590 158/141/592
s 149
f 37/1/593 38/4/594 123/200/595
f 123/200/595 38/4/594 126/201/596
s 150
f 38/4/597 43/8/598 126/202/599
f 126/202/599 43/8/598 130/203/600
s 151
f 130/204/601 43/8/602 18/205/603
f 18/205/603 43/8/602 1/11/604
s 152
f 46/13/605 47/16/606 135/206/607
f 135/206/607 47/16/606 134/207/608
s 153
f 56/19/609 57/22/610 145/208/611
f 145/208/611 57/22/610 144/209/612
s 154
f 66/31/613 56/19/614 153/210/615
f 153/210/615 56/19/614 145/211/616
s 155
f 160/212/617 71/37/618 159/213/619
f 159/213/619 71/37/618 72/40/620
s 156
f 81/49/621 82/52/622 170/214/623
f 170/214/623 82/52/622 169/215/624
s 157
f 178/216/625 91/61/626 170/217/627
f 170/217/627 91/61/626 81/49/628
s 158
f 183/218/629 96/67/630 178/219/631
f 178/219/631 96/67/630 91/61/632
s 159
f 105/78/633 106/79/634 190/220/635
f 190/220/635 106/79/634 191/221/636
s 160
f 192/222/637 107/80/638 190/223/639
f 190/223/639 107/80/638 105/78/640
s 161
f 10/81/641 107/80/642 28/224/643
f 28/224/643 107/80/642 192/225/644
s 162
f 47/16/645 112/84/646 134/226/647
f 134/226/647 112/84/646 197/227/648
s 163
f 205/228/649 120/93/650 135/229/651
f 135/229/651 120/93/650 46/13/652
s 164
f 144/230/653 57/22/654 205/231/655
f 205/231/655 57/22/654 120/93/656
s 165
f 82/52/657 71/37/658 169/232/659
f 169/232/659 71/37/658 160/233/660
s 166
f 112/84/661 122/95/662 197/234/663
f 197/234/663 122/95/662 206/235/664
s 167
f 159/236/665 72/40/666 153/237/667
f 153/237/667 72/40/666 66/31/668
s 168
f 208/238/669 102/73/670 96/67/671
f 96/67/671 102/73/670 97/68/672
s 169
f 209/239/673 210/240/674 208/238/675
f 208/238/675 210/240/674 102/73/676
s 170
f 101/74/677 102/73/678 106/79/679
f 106/79/679 102/73/678 210/240/680
s 171
f 211/241/681 183/169/682 212/242/683
f 212/242/683 183/169/682 182/168/684
s 172
f 184/170/685 187/175/686 182/168/687
f 182/168/687 187/175/686 212/242/688
s 173
f 213/243/689 212/242/690 191/179/691
f 191/179/691 212/242/690 187/175/692
s 174
f 96/67/693 183/244/694 208/238/695
f 208/238/695 183/244/694 211/245/696
s 175
f 208/238/697 211/246/698 209/239/699
f 209/239/699 211/246/698 214/247/700
s 176
f 106/79/701 210/240/702 191/248/703
f 191/248/703 210/240/702 213/249/704
s 177
f 214/250/705 213/251/706 209/239/707
f 209/239/707 213/251/706 210/240/708
s 178
f 214/252/709 211/241/710 213/243/711
f 213/243/711 211/241/710 212/242/712
s 179
f 127/101/713 200/191/714 215/253/715
f 215/253/715 200/191/714 207/199/716
s 180
f 219/255/717 218/256/718 216/254/719
f 216/254/719 218/256/718 217/257/720
s 181
f 40/2/721 37/1/722 216/254/723
f 216/254/723 37/1/722 220/258/724
s 182
f 42/5/725 40/2/726 217/257/727
f 217/257/727 40/2/726 216/254/728
s 183
f 121/94/729 115/88/730 217/257/731
f 217/257/731 115/88/730 42/5/732
s 184
f 217/257/733 218/256/734 121/94/735
f 121/94/735 218/256/734 122/95/736
s 185
f 215/253/737 223/260/738 221/259/739
f 221/259/739 223/260/738 222/261/740
s 186
f 124/99/741 221/259/742 123/96/743
f 123/96/743 221/259/742 224/262/744
s 187
f 127/101/745 215/253/746 124/99/747
f 124/99/747 215/253/746 221/259/748
s 188
f 215/253/749 207/199/750 223/260/751
f 223/260/751 207/199/750 206/198/752
s 189
f 223/264/753 218/256/754 222/263/755
f 222/263/755 218/256/754 219/255/756
s 190
f 37/1/757 123/265/758 220/258/759
f 220/258/759 123/265/758 224/266/760
s 191
f 218/256/761 223/267/762 122/95/763
f 122/95/763 223/267/762 206/268/764
s 192
f 220/258/765 224/270/766 225/269/767
f 225/269/767 224/270/766 226/271/768
s 193
f 225/269/769 219/255/770 220/258/771
f 220/258/771 219/255/770 216/254/772
s 194
f 226/272/773 224/262/774 222/261/775
f 222/261/775 224/262/774 221/259/776
s 195
f 225/269/777 226/273/778 219/255/779
f 219/255/779 226/273/778 222/274/780
s 196
f 227/275/781 230/276/782 228/278/783
f 228/278/783 230/276/782 229/277/784
s 197
f 228/278/785 229/277/786 231/280/787
f 231/280/787 229/277/786 232/279/788
s 198
f 234/281/789 233/282/790 230/276/791
f 230/276/791 233/282/790 229/277/792
s 199
f 233/282/793 235/283/794 229/277/795
f 229/277/795 235/283/794 232/279/796
s 200
f 1/11/797 17/10/798 234/281/799
f 234/281/799 17/10/798 233/282/800
s 201
f 17/10/801 12/12/802 233/282/803
f 233/282/803 12/12/802 235/283/804
s 202
f 239/285/805 238/286/806 236/284/807
f 236/284/807 238/286/806 237/287/808
s 203
f 238/286/809 241/288/810 237/287/811
f 237/287/811 241/288/810 240/289/812
s 204
f 249/291/813 248/292/814 246/290/815
f 246/290/815 248/292/814 247/293/816
s 205
f 248/292/817 251/294/818 247/293/819
f 247/293/819 251/294/818 250/295/820
s 206
f 251/294/821 253/296/822 250/295/823
f 250/295/823 253/296/822 252/297/824
s 207
f 253/296/825 255/298/826 252/297/827
f 252/297/827 255/298/826 254/299/828
s 208
f 255/298/829 2/30/830 254/299/831
f 254/299/831 2/30/830 3/29/832
s 209
f 246/290/833 247/293/834 256/300/835
f 256/300/835 247/293/834 257/301/836
s 210
f 247/293/837 250/295/838 257/301/839
f 257/301/839 250/295/838 258/302/840
s 211
f 250/295/841 252/297/842 258/302/843
f 258/302/843 252/297/842 259/303/844
s 212
f 252/297/845 254/299/846 259/303/847
f 259/303/847 254/299/846 260/304/848
s 213
f 254/299/849 3/29/850 260/304/851
f 260/304/851 3/29/850 16/36/852
s 214
f 264/306/853 263/307/854 261/305/855
f 261/305/855 263/307/854 262/308/856
s 215
f 263/307/857 266/309/858 262/308/859
f 262/308/859 266/309/858 265/310/860
s 216
f 266/309/861 268/311/862 265/310/863
f 265/310/863 268/311/862 267/312/864
s 217
f 268/311/865 270/313/866 267/312/867
f 267/312/867 270/313/866 269/314/868
s 218
f 270/313/869 4/48/870 269/314/871
f 269/314/871 4/48/870 14/47/872
s 219
f 274/316/873 273/317/874 271/315/875
f 271/315/875 273/317/874 272/318/876
s 220
f 273/317/877 276/319/878 272/318/879
f 272/318/879 276/319/878 275/320/880
s 221
f 276/319/881 278/321/882 275/320/883
f 275/320/883 278/321/882 277/322/884
s 222
f 278/321/885 280/323/886 277/322/887
f 277/322/887 280/323/886 279/324/888
s 223
f 280/323/889 5/60/890 279/324/891
f 279/324/891 5/60/890 6/59/892
s 224
f 281/325/893 271/315/894 282/326/895
f 282/326/895 271/315/894 272/318/896
s 225
f 275/320/897 283/327/898 272/318/899
f 272/318/899 283/327/898 282/326/900
s 226
f 277/322/901 284/328/902 275/320/903
f 275/320/903 284/328/902 283/327/904
s 227
f 279/324/905 285/329/906 277/322/907
f 277/322/907 285/329/906 284/328/908
s 228
f 6/59/909 7/66/910 279/324/911
f 279/324/911 7/66/910 285/329/912
s 229
f 286/330/913 281/325/914 287/331/915
f 287/331/915 281/325/914 282/326/916
s 230
f 283/327/917 288/332/918 282/326/919
f 282/326/919 288/332/918 287/331/920
s 231
f 284/328/921 289/333/922 283/327/923
f 283/327/923 289/333/922 288/332/924
s 232
f 285/329/925 290/334/926 284/328/927
f 284/328/927 290/334/926 289/333/928
s 233
f 7/66/929 8/72/930 285/329/931
f 285/329/931 8/72/930 290/334/932
s 234
f 288/332/933 292/335/934 287/331/935
f 287/331/935 292/335/934 291/336/936
s 235
f 289/333/937 293/337/938 288/332/939
f 288/332/939 293/337/938 292/335/940
s 236
f 290/334/941 294/338/942 289/333/943
f 289/333/943 294/338/942 293/337/944
s 237
f 8/72/945 9/77/946 290/334/947
f 290/334/947 9/77/946 294/338/948
s 238
f 296/340/949 292/335/950 295/339/951
f 295/339/951 292/335/950 293/337/952
s 239
f 295/339/953 293/337/954 297/341/955
f 297/341/955 293/337/954 294/338/956
s 240
f 9/77/957 10/81/958 294/338/959
f 294/338/959 10/81/958 297/341/960
s 241
f 300/342/961 299/343/962 241/288/963
f 241/288/963 299/343/962 243/344/964
s 242
f 300/342/965 241/288/966 301/345/967
f 301/345/967 241/288/966 238/286/968
s 243
f 301/345/969 238/286/970 302/346/971
f 302/346/971 238/286/970 239/285/972
s 244
f 12/12/973 11/86/974 235/283/975
f 235/283/975 11/86/974 303/347/976
s 245
f 235/283/977 303/347/978 232/279/979
f 232/279/979 303/347/978 304/348/980
s 246
f 232/279/981 304/348/982 231/280/983
f 231/280/983 304/348/982 305/349/984
s 247
f 237/287/985 240/289/986 309/351/987
f 309/351/987 240/289/986 308/350/988
s 248
f 236/284/989 237/287/990 310/352/991
f 310/352/991 237/287/990 309/351/992
s 249
f 309/351/993 308/350/994 248/292/995
f 248/292/995 308/350/994 251/294/996
s 250
f 310/352/997 309/351/998 249/291/999
f 249/291/999 309/351/998 248/292/1000
s 251
f 269/314/1001 14/47/1002 280/323/1003
f 280/323/1003 14/47/1002 5/60/1004
s 252
f 267/312/1005 269/314/1006 278/321/1007
f 278/321/1007 269/314/1006 280/323/1008
s 253
f 265/310/1009 267/312/1010 276/319/1011
f 276/319/1011 267/312/1010 278/321/1012
s 254
f 262/308/1013 265/310/1014 273/317/1015
f 273/317/1015 265/310/1014 276/319/1016
s 255
f 273/317/1017 274/316/1018 262/308/1019
f 262/308/1019 274/316/1018 261/305/1020
s 256
f 311/353/1021 301/345/1022 312/354/1023
f 312/354/1023 301/345/1022 302/346/1024
s 257
f 305/349/1025 300/342/1026 311/353/1027
f 311/353/1027 300/342/1026 301/345/1028
s 258
f 304/348/1029 299/343/1030 305/349/1031
f 305/349/1031 299/343/1030 300/342/1032
s 259
f 260/304/1033 16/36/1034 270/313/1035
f 270/313/1035 16/36/1034 4/48/1036
s 260
f 259/303/1037 260/304/1038 268/311/1039
f 268/311/1039 260/304/1038 270/313/1040
s 261
f 258/302/1041 259/303/1042 266/309/1043
f 266/309/1043 259/303/1042 268/311/1044
s 262
f 257/301/1045 258/302/1046 263/307/1047
f 263/307/1047 258/302/1046 266/309/1048
s 263
f 263/307/1049 264/306/1050 257/301/1051
f 257/301/1051 264/306/1050 256/300/1052
s 264
f 313/355/1053 316/356/1054 314/358/1055
f 314/358/1055 316/356/1054 315/357/1056
s 265
f 316/356/1057 318/359/1058 315/357/1059
f 315/357/1059 318/359/1058 317/360/1060
s 266
f 315/357/1061 320/361/1062 314/358/1063
f 314/358/1063 320/361/1062 319/362/1064
s 267
f 317/360/1065 321/363/1066 315/357/1067
f 315/357/1067 321/363/1066 320/361/1068
s 268
f 320/361/1069 36/106/1070 319/362/1071
f 319/362/1071 36/106/1070 18/105/1072
s 269
f 321/363/1073 30/107/1074 320/361/1075
f 320/361/1075 30/107/1074 36/106/1076
s 270
f 322/364/1077 325/365/1078 323/367/1079
f 323/367/1079 325/365/1078 324/366/1080
s 271
f 325/365/1081 322/364/1082 326/369/1083
f 326/369/1083 322/364/1082 327/368/1084
s 272
f 326/369/1085 327/368/1086 328/371/1087
f 328/371/1087 327/368/1086 329/370/1088
s 273
f 328/371/1089 329/370/1090 330/373/1091
f 330/373/1091 329/370/1090 331/372/1092
s 274
f 330/373/1093 331/372/1094 19/118/1095
f 19/118/1095 331/372/1094 31/119/1096
s 275
f 332/374/1097 335/375/1098 333/377/1099
f 333/377/1099 335/375/1098 334/376/1100
s 276
f 335/375/1101 332/374/1102 336/379/1103
f 336/379/1103 332/374/1102 337/378/1104
s 277
f 336/379/1105 337/378/1106 338/381/1107
f 338/381/1107 337/378/1106 339/380/1108
s 278
f 338/381/1109 339/380/1110 340/383/1111
f 340/383/1111 339/380/1110 341/382/1112
s 279
f 340/383/1113 341/382/1114 20/130/1115
f 20/130/1115 341/382/1114 21/131/1116
s 280
f 342/384/1117 332/374/1118 343/385/1119
f 343/385/1119 332/374/1118 333/377/1120
s 281
f 332/374/1121 342/384/1122 337/378/1123
f 337/378/1123 342/384/1122 344/386/1124
s 282
f 337/378/1125 344/386/1126 339/380/1127
f 339/380/1127 344/386/1126 345/387/1128
s 283
f 339/380/1129 345/387/1130 341/382/1131
f 341/382/1131 345/387/1130 346/388/1132
s 284
f 341/382/1133 346/388/1134 21/131/1135
f 21/131/1135 346/388/1134 35/137/1136
s 285
f 347/389/1137 350/390/1138 348/392/1139
f 348/392/1139 350/390/1138 349/391/1140
s 286
f 350/390/1141 347/389/1142 351/394/1143
f 351/394/1143 347/389/1142 352/393/1144
s 287
f 351/394/1145 352/393/1146 353/396/1147
f 353/396/1147 352/393/1146 354/395/1148
s 288
f 353/396/1149 354/395/1150 355/398/1151
f 355/398/1151 354/395/1150 356/397/1152
s 289
f 355/398/1153 356/397/1154 22/148/1155
f 22/148/1155 356/397/1154 33/149/1156
s 290
f 357/399/1157 360/400/1158 358/402/1159
f 358/402/1159 360/400/1158 359/401/1160
s 291
f 360/400/1161 357/399/1162 361/404/1163
f 361/404/1163 357/399/1162 362/403/1164
s 292
f 361/404/1165 362/403/1166 363/406/1167
f 363/406/1167 362/403/1166 364/405/1168
s 293
f 363/406/1169 364/405/1170 365/408/1171
f 365/408/1171 364/405/1170 366/407/1172
s 294
f 365/408/1173 366/407/1174 23/160/1175
f 23/160/1175 366/407/1174 24/161/1176
s 295
f 357/399/1177 358/402/1178 367/409/1179
f 367/409/1179 358/402/1178 368/410/1180
s 296
f 367/409/1181 369/411/1182 357/399/1183
f 357/399/1183 369/411/1182 362/403/1184
s 297
f 369/411/1185 370/412/1186 362/403/1187
f 362/403/1187 370/412/1186 364/405/1188
s 298
f 370/412/1189 371/413/1190 364/405/1191
f 364/405/1191 371/413/1190 366/407/1192
s 299
f 371/413/1193 25/167/1194 366/407/1195
f 366/407/1195 25/167/1194 24/161/1196
s 300
f 367/409/1197 368/410/1198 372/414/1199
f 372/414/1199 368/410/1198 373/415/1200
s 301
f 372/414/1201 374/416/1202 367/409/1203
f 367/409/1203 374/416/1202 369/411/1204
s 302
f 374/416/1205 375/417/1206 369/411/1207
f 369/411/1207 375/417/1206 370/412/1208
s 303
f 375/417/1209 376/418/1210 370/412/1211
f 370/412/1211 376/418/1210 371/413/1212
s 304
f 376/418/1213 26/173/1214 371/413/1215
f 371/413/1215 26/173/1214 25/167/1216
s 305
f 378/419/1217 377/420/1218 374/416/1219
f 374/416/1219 377/420/1218 375/417/1220
s 306
f 377/420/1221 379/421/1222 375/417/1223
f 375/417/1223 379/421/1222 376/418/1224
s 307
f 379/421/1225 27/177/1226 376/418/1227
f 376/418/1227 27/177/1226 26/173/1228
s 308
f 377/420/1229 378/419/1230 380/422/1231
f 380/422/1231 378/419/1230 381/423/1232
s 309
f 379/421/1233 377/420/1234 382/424/1235
f 382/424/1235 377/420/1234 380/422/1236
s 310
f 27/177/1237 379/421/1238 28/181/1239
f 28/181/1239 379/421/1238 382/424/1240
s 311
f 330/373/1241 19/118/1242 383/425/1243
f 383/425/1243 19/118/1242 34/183/1244
s 312
f 384/426/1245 328/371/1246 383/425/1247
f 383/425/1247 328/371/1246 330/373/1248
s 313
f 385/427/1249 326/369/1250 384/426/1251
f 384/426/1251 326/369/1250 328/371/1252
s 314
f 325/365/1253 326/369/1254 386/428/1255
f 386/428/1255 326/369/1254 385/427/1256
s 315
f 324/366/1257 325/365/1258 387/429/1259
f 387/429/1259 325/365/1258 386/428/1260
s 316
f 388/430/1261 29/188/1262 321/363/1263
f 321/363/1263 29/188/1262 30/107/1264
s 317
f 389/431/1265 388/430/1266 317/360/1267
f 317/360/1267 388/430/1266 321/363/1268
s 318
f 390/432/1269 389/431/1270 318/359/1271
f 318/359/1271 389/431/1270 317/360/1272
s 319
f 331/372/1273 391/433/1274 31/119/1275
f 31/119/1275 391/433/1274 32/192/1276
s 320
f 329/370/1277 392/434/1278 331/372/1279
f 331/372/1279 392/434/1278 391/433/1280
s 321
f 327/368/1281 393/435/1282 329/370/1283
f 329/370/1283 393/435/1282 392/434/1284
s 322
f 322/364/1285 394/436/1286 327/368/1287
f 327/368/1287 394/436/1286 393/435/1288
s 323
f 394/436/1289 322/364/1290 395/437/1291
f 395/437/1291 322/364/1290 323/367/1292
s 324
f 391/433/1293 340/383/1294 32/192/1295
f 32/192/1295 340/383/1294 20/130/1296
s 325
f 392/434/1297 338/381/1298 391/433/1299
f 391/433/1299 338/381/1298 340/383/1300
s 326
f 393/435/1301 336/379/1302 392/434/1303
f 392/434/1303 336/379/1302 338/381/1304
s 327
f 394/436/1305 335/375/1306 393/435/1307
f 393/435/1307 335/375/1306 336/379/1308
s 328
f 395/437/1309 334/376/1310 394/436/1311
f 394/436/1311 334/376/1310 335/375/1312
s 329
f 356/397/1313 365/408/1314 33/149/1315
f 33/149/1315 365/408/1314 23/160/1316
s 330
f 354/395/1317 363/406/1318 356/397/1319
f 356/397/1319 363/406/1318 365/408/1320
s 331
f 352/393/1321 361/404/1322 354/395/1323
f 354/395/1323 361/404/1322 363/406/1324
s 332
f 347/389/1325 360/400/1326 352/393/1327
f 352/393/1327 360/400/1326 361/404/1328
s 333
f 360/400/1329 347/389/1330 359/401/1331
f 359/401/1331 347/389/1330 348/392/1332
s 334
f 387/429/1333 386/428/1334 396/438/1335
f 396/438/1335 386/428/1334 397/439/1336
s 335
f 386/428/1337 385/427/1338 397/439/1339
f 397/439/1339 385/427/1338 390/432/1340
s 336
f 385/427/1341 384/426/1342 390/432/1343
f 390/432/1343 384/426/1342 389/431/1344
s 337
f 384/426/1345 383/425/1346 389/431/1347
f 389/431/1347 383/425/1346 388/430/1348
s 338
f 383/425/1349 34/183/1350 388/430/1351
f 388/430/1351 34/183/1350 29/188/1352
s 339
f 346/388/1353 355/398/1354 35/137/1355
f 35/137/1355 355/398/1354 22/148/1356
s 340
f 345/387/1357 353/396/1358 346/388/1359
f 346/388/1359 353/396/1358 355/398/1360
s 341
f 344/386/1361 351/394/1362 345/387/1363
f 345/387/1363 351/394/1362 353/396/1364
s 342
f 342/384/1365 350/390/1366 344/386/1367
f 344/386/1367 350/390/1366 351/394/1368
s 343
f 350/390/1369 342/384/1370 349/391/1371
f 349/391/1371 342/384/1370 343/385/1372
s 344
f 314/441/1373 230/276/1374 313/440/1375
f 313/440/1375 230/276/1374 227/275/1376
s 345
f 319/443/1377 234/281/1378 314/442/1379
f 314/442/1379 234/281/1378 230/276/1380
s 346
f 319/444/1381 18/445/1382 234/281/1383
f 234/281/1383 18/445/1382 1/11/1384
s 347
f 324/447/1385 239/285/1386 323/446/1387
f 323/446/1387 239/285/1386 236/284/1388
s 348
f 334/449/1389 249/291/1390 333/448/1391
f 333/448/1391 249/291/1390 246/290/1392
s 349
f 333/451/1393 246/290/1394 343/450/1395
f 343/450/1395 246/290/1394 256/300/1396
s 350
f 348/452/1397 349/453/1398 261/305/1399
f 261/305/1399 349/453/1398 264/306/1400
s 351
f 359/455/1401 274/316/1402 358/454/1403
f 358/454/1403 274/316/1402 271/315/1404
s 352
f 368/456/1405 358/457/1406 281/325/1407
f 281/325/1407 358/457/1406 271/315/1408
s 353
f 373/458/1409 368/459/1410 286/330/1411
f 286/330/1411 368/459/1410 281/325/1412
s 354
f 381/461/1413 296/340/1414 380/460/1415
f 380/460/1415 296/340/1414 295/339/1416
s 355
f 382/462/1417 380/463/1418 297/341/1419
f 297/341/1419 380/463/1418 295/339/1420
s 356
f 382/465/1421 297/341/1422 28/464/1423
f 28/464/1423 297/341/1422 10/81/1424
s 357
f 387/467/1425 302/346/1426 324/466/1427
f 324/466/1427 302/346/1426 239/285/1428
s 358
f 395/468/1429 323/469/1430 310/352/1431
f 310/352/1431 323/469/1430 236/284/1432
s 359
f 334/470/1433 395/471/1434 249/291/1435
f 249/291/1435 395/471/1434 310/352/1436
s 360
f 348/473/1437 261/305/1438 359/472/1439
f 359/472/1439 261/305/1438 274/316/1440
s 361
f 396/475/1441 312/354/1442 387/474/1443
f 387/474/1443 312/354/1442 302/346/1444
s 362
f 349/476/1445 343/477/1446 264/306/1447
f 264/306/1447 343/477/1446 256/300/1448
s 363
f 398/478/1449 286/330/1450 291/336/1451
f 291/336/1451 286/330/1450 287/331/1452
s 364
f 399/479/1453 398/478/1454 400/480/1455
f 400/480/1455 398/478/1454 291/336/1456
s 365
f 292/335/1457 296/340/1458 291/336/1459
f 291/336/1459 296/340/1458 400/480/1460
s 366
f 401/481/1461 402/482/1462 373/415/1463
f 373/415/1463 402/482/1462 372/414/1464
s 367
f 402/482/1465 378/419/1466 372/414/1467
f 372/414/1467 378/419/1466 374/416/1468
s 368
f 378/419/1469 402/482/1470 381/423/1471
f 381/423/1471 402/482/1470 403/483/1472
s 369
f 401/484/1473 373/485/1474 398/478/1475
f 398/478/1475 373/485/1474 286/330/1476
s 370
f 404/486/1477 401/487/1478 399/479/1479
f 399/479/1479 401/487/1478 398/478/1480
s 371
f 403/489/1481 400/480/1482 381/488/1483
f 381/488/1483 400/480/1482 296/340/1484
s 372
f 404/490/1485 399/479/1486 403/491/1487
f 403/491/1487 399/479/1486 400/480/1488
s 373
f 404/492/1489 403/483/1490 401/481/1491
f 401/481/1491 403/483/1490 402/482/1492
s 374
f 397/439/1493 390/432/1494 405/493/1495
f 405/493/1495 390/432/1494 318/359/1496
s 375
f 409/495/1497 408/496/1498 406/494/1499
f 406/494/1499 408/496/1498 407/497/1500
s 376
f 410/498/1501 227/275/1502 406/494/1503
f 406/494/1503 227/275/1502 228/278/1504
s 377
f 406/494/1505 228/278/1506 409/495/1507
f 409/495/1507 228/278/1506 231/280/1508
s 378
f 231/280/1509 305/349/1510 409/495/1511
f 409/495/1511 305/349/1510 311/353/1512
s 379
f 312/354/1513 408/496/1514 311/353/1515
f 311/353/1515 408/496/1514 409/495/1516
s 380
f 413/500/1517 412/501/1518 411/499/1519
f 411/499/1519 412/501/1518 405/493/1520
s 381
f 414/502/1521 411/499/1522 313/355/1523
f 313/355/1523 411/499/1522 316/356/1524
s 382
f 411/499/1525 405/493/1526 316/356/1527
f 316/356/1527 405/493/1526 318/359/1528
s 383
f 396/438/1529 397/439/1530 412/501/1531
f 412/501/1531 397/439/1530 405/493/1532
s 384
f 407/497/1533 408/496/1534 413/503/1535
f 413/503/1535 408/496/1534 412/504/1536
s 385
f 414/505/1537 313/506/1538 410/498/1539
f 410/498/1539 313/506/1538 227/275/1540
s 386
f 396/507/1541 412/508/1542 312/354/1543
f 312/354/1543 412/508/1542 408/496/1544
s 387
f 416/510/1545 414/511/1546 415/509/1547
f 415/509/1547 414/511/1546 410/498/1548
s 388
f 415/509/1549 410/498/1550 407/497/1551
f 407/497/1551 410/498/1550 406/494/1552
s 389
f 416/512/1553 413/500/1554 414/502/1555
f 414/502/1555 413/500/1554 411/499/1556
s 390
f 413/513/1557 416/514/1558 407/497/1559
f 407/497/1559 416/514/1558 415/509/1560
s 391
f 50/18/1561 51/17/1562 52/515/1563
f 52/515/1563 51/17/1562 53/91/1564
s 392
f 110/83/1565 50/18/1566 109/516/1567
f 109/516/1567 50/18/1566 52/515/1568
s 393
f 110/83/1569 109/516/1570 115/88/1571
f 115/88/1571 109/516/1570 114/87/1572
s 394
f 109/516/1573 108/517/1574 114/87/1575
f 114/87/1575 108/517/1574 113/85/1576
s 395
f 108/517/1577 15/518/1578 113/85/1579
f 113/85/1579 15/518/1578 11/86/1580
s 396
f 303/347/1581 298/519/1582 304/348/1583
f 304/348/1583 298/519/1582 299/343/1584
s 397
f 11/86/1585 15/518/1586 303/347/1587
f 303/347/1587 15/518/1586 298/519/1588
s 398
f 241/288/1589 243/344/1590 240/289/1591
f 240/289/1591 243/344/1590 242/520/1592
s 399
f 240/289/1593 242/520/1594 308/350/1595
f 308/350/1595 242/520/1594 307/521/1596
s 400
f 308/350/1597 307/521/1598 251/294/1599
f 251/294/1599 307/521/1598 253/296/1600
s 401
f 52/515/1601 53/91/1602 54/522/1603
f 54/522/1603 53/91/1602 55/523/1604
s 402
f 109/516/1605 52/515/1606 108/517/1607
f 108/517/1607 52/515/1606 54/522/1608
s 403
f 417/524/1609 15/518/1610 54/522/1611
f 54/522/1611 15/518/1610 108/517/1612
s 404
f 53/91/1613 117/90/1614 55/523/1615
f 55/523/1615 117/90/1614 116/525/1616
s 405
f 116/525/1617 64/28/1618 13/526/1619
f 13/526/1619 64/28/1618 2/30/1620
s 406
f 117/90/1621 62/26/1622 116/525/1623
f 116/525/1623 62/26/1622 64/28/1624
s 407
f 243/344/1625 245/527/1626 242/520/1627
f 242/520/1627 245/527/1626 244/528/1628
s 408
f 417/524/1629 245/527/1630 15/518/1631
f 15/518/1631 245/527/1630 298/519/1632
s 409
f 299/343/1633 298/519/1634 243/344/1635
f 243/344/1635 298/519/1634 245/527/1636
s 410
f 242/520/1637 244/528/1638 307/521/1639
f 307/521/1639 244/528/1638 306/529/1640
s 411
f 306/529/1641 13/526/1642 255/298/1643
f 255/298/1643 13/526/1642 2/30/1644
s 412
f 307/521/1645 306/529/1646 253/296/1647
f 253/296/1647 306/529/1646 255/298/1648
s 413
f 55/523/1649 116/525/1650 418/530/1651
f 418/530/1651 116/525/1650 13/526/1652
s 414
f 244/528/1653 418/530/1654 306/529/1655
f 306/529/1655 418/530/1654 13/526/1656
s 415
f 54/522/1657 55/523/1658 417/524/1659
f 417/524/1659 55/523/1658 418/530/1660
s 416
f 418/530/1661 244/528/1662 417/524/1663
f 417/524/1663 244/528/1662 245/527/1664
